Order ID,Order Date,Order Time,City,Cuisine,Meal Type,Order Value,Delivery Fee,Time Taken for Delivery,Total Customer Spend
FD10001,2026-01-07,11:43,Delhi,Chinese,Lunch,345.82,38.78,52,384.6
FD10002,2026-07-25,13:46,Ahmedabad,South Indian,Lunch,120.0,24.29,34,144.29
FD10003,2026-04-24,19:11,Chennai,Fast Food,Dinner,720.2,44.69,27,764.89
FD10004,2026-09-29,14:12,Hyderabad,Fast Food,Lunch,263.85,58.93,27,322.78
FD10005,2026-03-24,14:38,Mumbai,Fast Food,Lunch,549.13,67.02,44,616.15
FD10006,2026-06-28,23:01,Mumbai,North Indian,Dinner,276.99,60.88,55,337.87
FD10007,2026-07-29,16:58,Pune,North Indian,Snacks,290.54,50.73,48,341.27
FD10008,2026-05-04,20:26,Kolkata,Fast Food,Dinner,171.56,68.58,41,240.14
FD10009,2026-04-23,10:11,Hyderabad,Chinese,Breakfast,313.82,52.13,14,365.95
FD10010,2026-01-12,15:42,Chennai,South Indian,Snacks,333.36,53.11,36,386.47
FD10011,2026-05-06,07:16,Pune,Chinese,Breakfast,400.12,24.73,17,424.85
FD10012,2026-02-22,10:20,Ahmedabad,Biryani,Breakfast,384.11,57.99,26,442.1
FD10013,2026-05-20,22:25,Kolkata,Biryani,Dinner,228.77,46.78,31,275.55
FD10014,2026-04-07,14:27,Mumbai,Indian,Lunch,386.42,51.04,24,437.46
FD10015,2026-01-05,16:28,Mumbai,Fast Food,Snacks,682.05,48.07,49,730.12
FD10016,2026-02-26,14:36,Mumbai,Biryani,Lunch,694.26,45.42,41,739.68
FD10017,2026-03-10,12:06,Delhi,Chinese,Lunch,508.35,57.08,40,565.43
FD10018,2026-04-28,22:51,Bengaluru,South Indian,Dinner,554.46,41.66,53,596.12
FD10019,2026-02-28,10:36,Delhi,Biryani,Breakfast,779.12,35.86,43,814.98
FD10020,2026-02-02,22:02,Mumbai,Indian,Dinner,550.69,42.74,52,593.43
FD10021,2026-02-19,21:46,Hyderabad,North Indian,Dinner,521.63,44.05,42,565.68
FD10022,2026-01-19,16:51,Pune,Italian,Snacks,215.31,37.68,36,252.99
FD10023,2026-08-02,20:12,Mumbai,Biryani,Dinner,328.11,44.95,43,373.06
FD10024,2026-07-16,08:20,Delhi,Biryani,Breakfast,465.1,25.41,27,490.51
FD10025,2026-02-16,15:26,Bengaluru,Biryani,Lunch,363.88,53.51,43,417.39
FD10026,2026-06-16,14:28,Chennai,South Indian,Lunch,280.31,40.34,31,320.65
FD10027,2026-05-21,21:24,Mumbai,Fast Food,Dinner,332.63,38.98,46,371.61
FD10028,2026-03-25,23:35,Bengaluru,Fast Food,Dinner,241.46,38.75,48,280.21
FD10029,2026-07-01,12:21,Hyderabad,Italian,Lunch,336.29,48.59,42,384.88
FD10030,2026-03-20,19:04,Pune,Fast Food,Dinner,470.92,42.35,44,513.27
FD10031,2026-08-03,14:29,Hyderabad,Indian,Lunch,694.45,44.29,26,738.74
FD10032,2026-01-14,15:18,Mumbai,North Indian,Snacks,584.55,52.51,49,637.06
FD10033,2026-08-03,17:33,Pune,Chinese,Snacks,515.42,26.68,42,542.1
FD10034,2026-05-08,22:42,Ahmedabad,Indian,Dinner,166.47,53.38,38,219.85
FD10035,2026-09-05,16:53,Ahmedabad,Indian,Snacks,427.89,21.5,35,449.39
FD10036,2026-01-29,15:35,Kolkata,North Indian,Lunch,404.96,47.54,34,452.5
FD10037,2026-07-21,10:51,Delhi,Italian,Breakfast,513.61,49.39,33,563.0
FD10038,2026-02-26,14:08,Pune,Fast Food,Lunch,365.9,39.36,30,405.26
FD10039,2026-08-06,13:18,Hyderabad,Indian,Lunch,674.31,46.24,50,720.55
FD10040,2026-03-03,14:46,Delhi,Italian,Lunch,477.92,38.67,46,516.59
FD10041,2026-06-06,18:19,Pune,South Indian,Dinner,442.53,46.39,47,488.92
FD10042,2026-07-21,15:31,Bengaluru,Fast Food,Snacks,160.63,53.92,35,214.55
FD10043,2026-01-17,18:49,Pune,Italian,Snacks,434.0,32.49,19,466.49
FD10044,2026-01-06,08:04,Ahmedabad,North Indian,Breakfast,582.39,50.09,31,632.48
FD10045,2026-02-27,21:22,Mumbai,Biryani,Dinner,578.34,72.31,33,650.65
FD10046,2026-06-18,23:10,Hyderabad,North Indian,Dinner,120.0,45.17,49,165.17
FD10047,2026-03-23,11:21,Delhi,Chinese,Breakfast,372.55,35.96,20,408.51
FD10048,2026-08-07,19:03,Bengaluru,Indian,Dinner,714.78,69.16,30,783.94
FD10049,2026-06-26,15:43,Bengaluru,Fast Food,Snacks,432.4,43.06,36,475.46
FD10050,2026-07-23,08:12,Mumbai,Indian,Breakfast,513.36,54.78,40,568.14
FD10051,2026-03-12,16:08,Ahmedabad,Fast Food,Snacks,652.85,45.03,22,697.88
FD10052,2026-09-23,16:30,Chennai,South Indian,Snacks,406.81,47.37,48,454.18
FD10053,2026-04-08,14:18,Ahmedabad,Biryani,Lunch,558.65,37.93,42,596.58
FD10054,2026-07-27,19:29,Ahmedabad,Fast Food,Dinner,471.71,44.28,40,515.99
FD10055,2026-01-02,20:56,Hyderabad,Biryani,Dinner,548.77,53.43,37,602.2
FD10056,2026-05-04,22:30,Ahmedabad,Italian,Dinner,496.88,37.52,35,534.4
FD10057,2026-03-15,17:30,Pune,Fast Food,Snacks,337.86,36.96,36,374.82
FD10058,2026-06-15,15:31,Mumbai,Mexican,Lunch,427.83,48.49,50,476.32
FD10059,2026-01-22,19:58,Pune,South Indian,Dinner,291.81,28.83,35,320.64
FD10060,2026-06-03,18:09,Delhi,North Indian,Snacks,194.04,33.81,27,227.85
FD10061,2026-08-07,08:01,Delhi,Fast Food,Breakfast,626.68,33.32,25,660.0
FD10062,2026-06-06,18:23,Mumbai,Biryani,Snacks,496.51,51.99,50,548.5
FD10063,2026-08-18,18:31,Kolkata,Fast Food,Dinner,594.12,52.03,28,646.15
FD10064,2026-01-20,18:15,Delhi,Mexican,Snacks,704.81,59.44,45,764.25
FD10065,2026-02-10,11:30,Mumbai,Mexican,Breakfast,503.01,52.69,30,555.7
FD10066,2026-05-28,20:23,Bengaluru,Fast Food,Dinner,257.98,47.48,30,305.46
FD10067,2026-04-18,11:10,Mumbai,Chinese,Lunch,435.57,54.92,38,490.49
FD10068,2026-03-25,15:03,Kolkata,Indian,Lunch,314.33,16.88,42,331.21
FD10069,2026-05-14,12:46,Pune,Italian,Lunch,152.98,28.23,53,181.21
FD10070,2026-07-26,12:11,Ahmedabad,Italian,Lunch,364.74,51.14,24,415.88
FD10071,2026-09-23,18:32,Chennai,Italian,Dinner,449.27,52.3,16,501.57
FD10072,2026-03-14,17:27,Mumbai,Chinese,Snacks,368.5,62.03,26,430.53
FD10073,2026-02-17,11:46,Pune,Indian,Lunch,304.27,39.87,47,344.14
FD10074,2026-08-21,21:52,Kolkata,Indian,Dinner,223.37,18.06,23,241.43
FD10075,2026-04-10,19:06,Chennai,Biryani,Dinner,489.39,29.66,55,519.05
FD10076,2026-02-28,19:41,Chennai,Mexican,Dinner,740.39,31.49,52,771.88
FD10077,2026-09-15,14:43,Chennai,Mexican,Lunch,651.79,49.55,40,701.34
FD10078,2026-03-06,17:25,Pune,North Indian,Snacks,518.04,37.71,26,555.75
FD10079,2026-03-24,20:39,Delhi,Chinese,Dinner,541.31,62.28,43,603.59
FD10080,2026-06-03,19:42,Pune,Biryani,Dinner,430.1,59.61,45,489.71
FD10081,2026-09-23,09:44,Kolkata,Fast Food,Breakfast,144.32,62.08,28,206.4
FD10082,2026-03-20,09:11,Hyderabad,Indian,Breakfast,369.59,31.0,40,400.59
FD10083,2026-05-30,17:41,Delhi,Mexican,Snacks,324.61,47.89,32,372.5
FD10084,2026-02-17,20:48,Pune,Fast Food,Dinner,443.2,36.27,28,479.47
FD10085,2026-09-05,16:01,Delhi,Biryani,Snacks,654.98,45.93,21,700.91
FD10086,2026-04-08,15:15,Delhi,South Indian,Snacks,736.01,32.33,19,768.34
FD10087,2026-01-25,08:59,Chennai,North Indian,Breakfast,439.69,56.71,27,496.4
FD10088,2026-03-09,23:29,Hyderabad,Chinese,Dinner,174.93,32.56,39,207.49
FD10089,2026-01-07,21:37,Kolkata,Biryani,Dinner,454.4,18.63,40,473.03
FD10090,2026-05-17,14:24,Bengaluru,Chinese,Lunch,468.48,66.41,37,534.89
FD10091,2026-06-13,22:09,Pune,Biryani,Dinner,551.83,47.31,30,599.14
FD10092,2026-03-24,21:41,Chennai,North Indian,Dinner,427.12,29.17,47,456.29
FD10093,2026-05-18,11:12,Chennai,North Indian,Lunch,439.98,40.05,16,480.03
FD10094,2026-03-14,18:40,Bengaluru,South Indian,Snacks,360.19,35.08,29,395.27
FD10095,2026-08-25,12:46,Chennai,Chinese,Lunch,383.21,42.07,45,425.28
FD10096,2026-02-15,22:53,Bengaluru,Chinese,Dinner,531.98,51.63,36,583.61
FD10097,2026-04-16,18:44,Bengaluru,Chinese,Snacks,153.73,49.75,40,203.48
FD10098,2026-09-19,23:56,Delhi,Chinese,Dinner,392.41,45.04,35,437.45
FD10099,2026-06-25,21:49,Pune,Fast Food,Dinner,523.18,42.06,36,565.24
FD10100,2026-06-15,13:26,Pune,Italian,Lunch,696.11,54.94,42,751.05
FD10101,2026-05-25,18:15,Pune,Indian,Dinner,360.25,18.89,28,379.14
FD10102,2026-02-23,16:31,Hyderabad,Biryani,Snacks,632.81,33.01,39,665.82
FD10103,2026-06-27,12:24,Delhi,Biryani,Lunch,723.5,30.26,40,753.76
FD10104,2026-09-01,19:11,Bengaluru,Biryani,Dinner,427.19,54.08,56,481.27
FD10105,2026-05-07,18:11,Ahmedabad,Biryani,Dinner,356.27,33.13,41,389.4
FD10106,2026-09-28,12:08,Mumbai,Chinese,Lunch,437.69,36.57,33,474.26
FD10107,2026-05-12,19:31,Delhi,Mexican,Dinner,457.71,48.59,58,506.3
FD10108,2026-04-03,18:33,Chennai,Fast Food,Dinner,593.62,31.1,32,624.72
FD10109,2026-03-14,14:38,Mumbai,North Indian,Lunch,348.94,47.79,41,396.73
FD10110,2026-09-05,21:01,Pune,Chinese,Dinner,650.71,70.57,49,721.28
FD10111,2026-09-30,11:50,Mumbai,Fast Food,Lunch,344.89,61.45,26,406.34
FD10112,2026-02-12,14:35,Mumbai,Chinese,Lunch,275.34,49.47,56,324.81
FD10113,2026-02-10,13:01,Ahmedabad,Chinese,Lunch,488.57,40.55,25,529.12
FD10114,2026-06-19,18:13,Kolkata,South Indian,Dinner,599.58,52.89,35,652.47
FD10115,2026-07-31,19:28,Hyderabad,North Indian,Dinner,451.8,49.95,43,501.75
FD10116,2026-06-17,14:36,Kolkata,North Indian,Lunch,480.26,42.91,36,523.17
FD10117,2026-02-08,18:19,Kolkata,Indian,Snacks,708.14,43.24,38,751.38
FD10118,2026-09-02,15:38,Mumbai,Fast Food,Snacks,651.7,34.24,23,685.94
FD10119,2026-05-31,11:09,Ahmedabad,Italian,Breakfast,444.64,21.72,29,466.36
FD10120,2026-04-21,23:13,Bengaluru,Indian,Dinner,390.33,39.88,52,430.21
FD10121,2026-02-16,22:17,Kolkata,Biryani,Dinner,609.26,34.4,49,643.66
FD10122,2026-03-04,18:13,Ahmedabad,Biryani,Snacks,564.39,49.03,16,613.42
FD10123,2026-08-13,19:57,Delhi,Fast Food,Dinner,502.79,44.37,29,547.16
FD10124,2026-03-10,14:21,Pune,Fast Food,Lunch,370.95,32.73,34,403.68
FD10125,2026-07-22,23:35,Mumbai,North Indian,Dinner,453.54,53.96,33,507.5
FD10126,2026-03-02,22:35,Delhi,South Indian,Dinner,417.87,36.98,26,454.85
FD10127,2026-06-10,23:13,Kolkata,Indian,Dinner,368.44,66.8,36,435.24
FD10128,2026-01-16,15:35,Kolkata,Mexican,Lunch,354.83,46.63,38,401.46
FD10129,2026-04-04,18:31,Pune,Mexican,Dinner,489.78,23.27,65,513.05
FD10130,2026-05-18,11:44,Bengaluru,Chinese,Lunch,358.05,63.85,46,421.9
FD10131,2026-02-07,14:19,Delhi,Fast Food,Lunch,466.61,34.4,55,501.01
FD10132,2026-05-07,08:37,Mumbai,South Indian,Breakfast,150.02,40.3,29,190.32
FD10133,2026-06-13,17:22,Pune,Indian,Snacks,330.02,67.72,37,397.74
FD10134,2026-03-18,18:44,Delhi,Chinese,Snacks,604.75,46.15,33,650.9
FD10135,2026-06-23,20:15,Ahmedabad,North Indian,Dinner,274.94,50.41,63,325.35
FD10136,2026-04-01,20:04,Delhi,Indian,Dinner,528.82,50.8,36,579.62
FD10137,2026-08-26,10:20,Bengaluru,Fast Food,Breakfast,332.41,39.53,23,371.94
FD10138,2026-09-21,20:13,Chennai,South Indian,Dinner,546.37,35.13,48,581.5
FD10139,2026-06-28,14:15,Delhi,South Indian,Lunch,395.43,37.09,41,432.52
FD10140,2026-07-28,18:44,Ahmedabad,North Indian,Dinner,359.5,61.31,35,420.81
FD10141,2026-03-14,23:06,Ahmedabad,Fast Food,Dinner,418.15,44.45,47,462.6
FD10142,2026-04-17,16:31,Mumbai,Italian,Snacks,293.49,67.75,37,361.24
FD10143,2026-07-01,21:16,Bengaluru,North Indian,Dinner,600.81,41.08,44,641.89
FD10144,2026-02-06,11:53,Delhi,South Indian,Lunch,635.52,32.94,42,668.46
FD10145,2026-05-17,17:43,Mumbai,Italian,Snacks,441.0,34.69,22,475.69
FD10146,2026-02-25,19:04,Pune,Fast Food,Dinner,498.63,49.78,26,548.41
FD10147,2026-07-06,15:26,Hyderabad,Fast Food,Snacks,541.84,62.33,42,604.17
FD10148,2026-09-15,14:22,Bengaluru,North Indian,Lunch,441.31,31.37,35,472.68
FD10149,2026-02-27,18:58,Pune,Fast Food,Snacks,253.76,48.16,31,301.92
FD10150,2026-05-03,23:14,Mumbai,Fast Food,Dinner,704.11,35.49,60,739.6
FD10151,2026-07-07,13:32,Ahmedabad,Fast Food,Lunch,351.12,35.33,35,386.45
FD10152,2026-08-18,15:30,Mumbai,Fast Food,Lunch,373.63,55.22,41,428.85
FD10153,2026-06-17,20:16,Mumbai,North Indian,Dinner,710.82,31.26,54,742.08
FD10154,2026-04-24,21:18,Bengaluru,North Indian,Dinner,546.51,41.78,39,588.29
FD10155,2026-09-09,11:58,Ahmedabad,North Indian,Breakfast,448.61,31.96,34,480.57
FD10156,2026-04-17,14:34,Mumbai,Fast Food,Lunch,319.39,59.26,51,378.65
FD10157,2026-02-06,15:08,Hyderabad,Chinese,Lunch,545.42,40.02,54,585.44
FD10158,2026-04-02,15:05,Chennai,Biryani,Lunch,894.48,53.27,32,947.75
FD10159,2026-01-18,17:24,Mumbai,Fast Food,Snacks,597.08,48.64,50,645.72
FD10160,2026-03-04,23:01,Chennai,Indian,Dinner,504.41,25.65,46,530.06
FD10161,2026-05-30,22:04,Delhi,Fast Food,Dinner,548.16,24.16,31,572.32
FD10162,2026-05-19,21:26,Hyderabad,Indian,Dinner,375.78,19.09,17,394.87
FD10163,2026-07-05,11:07,Hyderabad,Italian,Lunch,404.35,49.6,30,453.95
FD10164,2026-07-04,18:19,Bengaluru,Fast Food,Dinner,402.43,72.69,47,475.12
FD10165,2026-07-24,18:22,Pune,Chinese,Snacks,333.76,47.22,36,380.98
FD10166,2026-09-17,20:38,Kolkata,Fast Food,Dinner,362.13,62.06,39,424.19
FD10167,2026-08-02,23:23,Delhi,Fast Food,Dinner,386.43,55.6,42,442.03
FD10168,2026-09-13,13:28,Mumbai,South Indian,Lunch,428.3,45.78,41,474.08
FD10169,2026-05-15,23:25,Pune,Indian,Dinner,379.1,57.18,49,436.28
FD10170,2026-03-02,13:19,Hyderabad,Italian,Lunch,491.45,36.26,25,527.71
FD10171,2026-03-29,23:02,Hyderabad,North Indian,Dinner,436.82,36.5,43,473.32
FD10172,2026-07-26,07:57,Pune,Biryani,Breakfast,475.1,39.5,17,514.6
FD10173,2026-05-09,15:46,Bengaluru,North Indian,Lunch,683.34,40.07,33,723.41
FD10174,2026-01-03,18:16,Mumbai,Chinese,Dinner,476.51,59.94,56,536.45
FD10175,2026-08-30,12:28,Hyderabad,North Indian,Lunch,756.63,33.95,29,790.58
FD10176,2026-05-01,21:05,Mumbai,South Indian,Dinner,517.9,62.67,44,580.57
FD10177,2026-04-12,15:47,Hyderabad,Fast Food,Lunch,357.91,52.5,55,410.41
FD10178,2026-02-07,20:32,Delhi,Indian,Dinner,642.44,46.12,50,688.56
FD10179,2026-05-13,20:59,Ahmedabad,Fast Food,Dinner,398.07,65.28,35,463.35
FD10180,2026-07-21,17:04,Pune,South Indian,Snacks,120.0,57.45,29,177.45
FD10181,2026-01-21,13:43,Delhi,Biryani,Lunch,469.4,54.84,28,524.24
FD10182,2026-08-30,14:19,Pune,Italian,Lunch,412.62,42.79,49,455.41
FD10183,2026-04-19,11:19,Ahmedabad,North Indian,Breakfast,650.98,46.22,32,697.2
FD10184,2026-03-25,11:38,Kolkata,Biryani,Lunch,310.36,48.29,43,358.65
FD10185,2026-03-24,21:50,Mumbai,Indian,Dinner,415.1,52.16,53,467.26
FD10186,2026-03-10,23:18,Hyderabad,Biryani,Dinner,645.15,37.49,34,682.64
FD10187,2026-05-09,23:26,Kolkata,North Indian,Dinner,474.16,15.0,25,489.16
FD10188,2026-07-15,22:42,Bengaluru,Indian,Dinner,429.28,50.61,49,479.89
FD10189,2026-05-20,22:12,Bengaluru,Italian,Dinner,371.53,54.5,52,426.03
FD10190,2026-08-22,21:56,Mumbai,Fast Food,Dinner,517.76,38.07,60,555.83
FD10191,2026-01-23,14:51,Pune,Indian,Lunch,415.6,49.26,35,464.86
FD10192,2026-06-02,22:44,Ahmedabad,North Indian,Dinner,294.83,34.9,36,329.73
FD10193,2026-03-02,23:42,Ahmedabad,Italian,Dinner,332.62,37.6,37,370.22
FD10194,2026-02-21,17:07,Hyderabad,North Indian,Snacks,302.83,57.73,39,360.56
FD10195,2026-06-02,10:07,Delhi,Indian,Breakfast,291.12,30.11,24,321.23
FD10196,2026-08-25,16:25,Delhi,Fast Food,Snacks,580.11,30.09,34,610.2
FD10197,2026-02-01,18:50,Chennai,Biryani,Snacks,579.91,63.66,41,643.57
FD10198,2026-02-24,19:22,Ahmedabad,Biryani,Dinner,580.35,40.25,33,620.6
FD10199,2026-02-05,17:12,Kolkata,Fast Food,Snacks,415.67,56.96,44,472.63
FD10200,2026-04-20,14:08,Chennai,Indian,Lunch,393.61,22.82,44,416.43
FD10201,2026-06-26,21:55,Hyderabad,Fast Food,Dinner,391.34,23.78,24,415.12
FD10202,2026-04-07,09:47,Pune,Indian,Breakfast,573.17,31.04,19,604.21
FD10203,2026-08-01,13:11,Mumbai,Indian,Lunch,191.98,46.22,24,238.2
FD10204,2026-05-17,09:25,Ahmedabad,Italian,Breakfast,362.83,25.16,21,387.99
FD10205,2026-01-06,19:26,Hyderabad,South Indian,Dinner,291.9,46.43,36,338.33
FD10206,2026-04-19,20:37,Pune,Fast Food,Dinner,623.98,47.22,48,671.2
FD10207,2026-02-04,12:42,Pune,North Indian,Lunch,348.38,31.22,29,379.6
FD10208,2026-02-08,20:05,Hyderabad,South Indian,Dinner,179.6,32.18,44,211.78
FD10209,2026-05-30,14:37,Pune,Italian,Lunch,483.51,33.76,42,517.27
FD10210,2026-04-28,18:41,Mumbai,Biryani,Dinner,439.48,38.02,48,477.5
FD10211,2026-09-18,21:00,Bengaluru,Mexican,Dinner,401.46,15.0,55,416.46
FD10212,2026-03-28,20:39,Hyderabad,South Indian,Dinner,326.0,40.98,59,366.98
FD10213,2026-03-17,09:51,Hyderabad,Chinese,Breakfast,320.08,36.83,26,356.91
FD10214,2026-08-02,23:46,Mumbai,Fast Food,Dinner,571.28,48.06,49,619.34
FD10215,2026-08-27,20:38,Chennai,North Indian,Dinner,463.57,29.86,33,493.43
FD10216,2026-06-14,15:03,Mumbai,Chinese,Lunch,435.31,61.73,33,497.04
FD10217,2026-03-28,18:11,Delhi,Indian,Dinner,275.26,71.1,52,346.36
FD10218,2026-05-21,12:37,Chennai,North Indian,Lunch,404.67,31.99,46,436.66
FD10219,2026-06-09,23:11,Hyderabad,North Indian,Dinner,464.09,58.8,31,522.89
FD10220,2026-02-15,09:50,Kolkata,Italian,Breakfast,489.8,46.4,12,536.2
FD10221,2026-04-22,22:36,Hyderabad,Biryani,Dinner,479.13,42.43,35,521.56
FD10222,2026-02-14,16:52,Bengaluru,Chinese,Snacks,316.61,37.87,35,354.48
FD10223,2026-09-04,07:12,Pune,Mexican,Breakfast,120.0,41.0,20,161.0
FD10224,2026-04-14,11:53,Delhi,Biryani,Lunch,739.94,55.8,41,795.74
FD10225,2026-03-26,07:51,Mumbai,Mexican,Breakfast,298.55,38.34,38,336.89
FD10226,2026-05-14,16:03,Mumbai,North Indian,Snacks,170.26,48.7,42,218.96
FD10227,2026-04-18,13:31,Ahmedabad,Mexican,Lunch,459.58,56.99,41,516.57
FD10228,2026-01-18,15:06,Delhi,Italian,Snacks,213.72,53.8,12,267.52
FD10229,2026-04-04,12:10,Ahmedabad,Biryani,Lunch,319.28,28.53,21,347.81
FD10230,2026-05-30,14:53,Hyderabad,Mexican,Lunch,537.33,39.81,30,577.14
FD10231,2026-09-03,18:22,Chennai,Biryani,Dinner,725.9,50.74,36,776.64
FD10232,2026-07-28,11:22,Bengaluru,Chinese,Breakfast,513.13,49.96,36,563.09
FD10233,2026-05-06,19:27,Bengaluru,Chinese,Dinner,389.13,53.7,36,442.83
FD10234,2026-08-23,20:46,Bengaluru,Indian,Dinner,447.29,46.61,50,493.9
FD10235,2026-05-02,18:25,Mumbai,North Indian,Dinner,193.71,58.62,39,252.33
FD10236,2026-05-18,15:53,Chennai,Mexican,Snacks,392.39,46.11,22,438.5
FD10237,2026-04-25,22:18,Mumbai,Fast Food,Dinner,397.53,70.96,35,468.49
FD10238,2026-06-11,11:35,Pune,South Indian,Lunch,443.0,36.94,57,479.94
FD10239,2026-07-20,09:29,Hyderabad,Biryani,Breakfast,746.33,42.58,17,788.91
FD10240,2026-08-22,14:16,Mumbai,Chinese,Lunch,174.48,39.82,49,214.3
FD10241,2026-01-28,20:15,Ahmedabad,Fast Food,Dinner,348.85,27.46,25,376.31
FD10242,2026-01-11,10:28,Ahmedabad,Fast Food,Breakfast,134.97,45.9,36,180.87
FD10243,2026-07-25,15:14,Ahmedabad,Fast Food,Snacks,334.5,33.31,34,367.81
FD10244,2026-06-16,23:55,Delhi,Fast Food,Dinner,310.31,41.31,45,351.62
FD10245,2026-09-04,18:50,Pune,Fast Food,Dinner,195.85,61.41,44,257.26
FD10246,2026-02-16,16:41,Ahmedabad,North Indian,Snacks,546.96,60.72,35,607.68
FD10247,2026-09-03,09:46,Delhi,Indian,Breakfast,478.35,68.69,34,547.04
FD10248,2026-05-07,22:53,Ahmedabad,Indian,Dinner,529.38,61.65,33,591.03
FD10249,2026-05-27,18:57,Ahmedabad,Biryani,Snacks,360.25,70.84,25,431.09
FD10250,2026-04-28,07:41,Kolkata,North Indian,Breakfast,404.39,47.24,24,451.63
FD10251,2026-06-01,07:17,Mumbai,Fast Food,Breakfast,704.2,41.16,36,745.36
FD10252,2026-03-13,18:40,Delhi,South Indian,Dinner,439.59,30.0,42,469.59
FD10253,2026-05-17,19:09,Kolkata,Indian,Dinner,536.19,58.76,46,594.95
FD10254,2026-06-24,18:06,Delhi,Indian,Dinner,347.38,42.62,48,390.0
FD10255,2026-01-19,22:49,Mumbai,North Indian,Dinner,572.4,53.51,44,625.91
FD10256,2026-07-14,16:26,Bengaluru,Mexican,Snacks,402.66,35.41,21,438.07
FD10257,2026-06-24,18:32,Ahmedabad,Chinese,Snacks,125.54,36.85,26,162.39
FD10258,2026-05-21,11:43,Hyderabad,South Indian,Lunch,423.86,46.61,53,470.47
FD10259,2026-09-03,15:59,Bengaluru,Indian,Lunch,384.45,29.34,44,413.79
FD10260,2026-04-03,12:03,Pune,North Indian,Lunch,176.28,45.09,31,221.37
FD10261,2026-08-27,18:03,Hyderabad,Italian,Dinner,483.72,60.13,43,543.85
FD10262,2026-07-24,17:53,Ahmedabad,Fast Food,Snacks,275.97,16.4,37,292.37
FD10263,2026-02-17,19:03,Mumbai,Italian,Dinner,958.9,33.5,40,992.4
FD10264,2026-09-02,15:06,Bengaluru,South Indian,Snacks,235.33,50.11,47,285.44
FD10265,2026-05-08,16:49,Kolkata,Indian,Snacks,233.06,58.37,36,291.43
FD10266,2026-01-17,18:34,Chennai,Indian,Dinner,560.43,36.12,31,596.55
FD10267,2026-03-12,18:23,Hyderabad,Mexican,Snacks,435.05,18.02,40,453.07
FD10268,2026-09-26,20:35,Chennai,South Indian,Dinner,557.38,59.18,38,616.56
FD10269,2026-01-07,12:51,Delhi,North Indian,Lunch,497.06,32.27,38,529.33
FD10270,2026-04-13,17:42,Mumbai,Italian,Snacks,407.65,47.67,28,455.32
FD10271,2026-07-12,09:31,Kolkata,North Indian,Breakfast,208.14,45.83,29,253.97
FD10272,2026-08-29,11:17,Kolkata,Fast Food,Lunch,575.66,34.0,35,609.66
FD10273,2026-03-03,18:59,Kolkata,Fast Food,Snacks,221.73,31.49,37,253.22
FD10274,2026-01-17,22:15,Ahmedabad,Indian,Dinner,493.84,31.71,34,525.55
FD10275,2026-06-20,20:46,Bengaluru,South Indian,Dinner,592.85,64.3,38,657.15
FD10276,2026-01-25,17:58,Bengaluru,Indian,Snacks,435.96,55.92,30,491.88
FD10277,2026-09-08,21:36,Chennai,Chinese,Dinner,384.38,48.89,45,433.27
FD10278,2026-09-10,15:38,Hyderabad,Biryani,Snacks,307.44,15.76,27,323.2
FD10279,2026-07-26,23:25,Chennai,Chinese,Dinner,499.41,48.94,39,548.35
FD10280,2026-01-29,07:03,Chennai,South Indian,Breakfast,120.0,48.29,21,168.29
FD10281,2026-04-27,13:01,Ahmedabad,North Indian,Lunch,517.36,26.66,40,544.02
FD10282,2026-05-24,14:11,Delhi,Fast Food,Lunch,457.92,45.1,24,503.02
FD10283,2026-01-25,16:35,Delhi,South Indian,Snacks,406.58,54.62,37,461.2
FD10284,2026-06-05,08:25,Pune,Indian,Breakfast,456.35,48.83,40,505.18
FD10285,2026-03-14,15:06,Bengaluru,Italian,Lunch,278.97,33.84,52,312.81
FD10286,2026-04-30,15:00,Pune,South Indian,Lunch,120.0,42.16,31,162.16
FD10287,2026-04-03,19:25,Bengaluru,Indian,Dinner,525.29,50.76,49,576.05
FD10288,2026-03-27,12:44,Bengaluru,Italian,Lunch,682.48,42.71,44,725.19
FD10289,2026-04-28,16:05,Mumbai,Indian,Snacks,204.09,67.05,51,271.14
FD10290,2026-08-21,14:07,Hyderabad,Indian,Lunch,267.13,46.75,15,313.88
FD10291,2026-07-18,18:21,Pune,Mexican,Snacks,562.85,51.04,42,613.89
FD10292,2026-07-25,13:36,Pune,Indian,Lunch,473.83,51.86,35,525.69
FD10293,2026-05-27,12:30,Kolkata,South Indian,Lunch,859.47,29.2,30,888.67
FD10294,2026-09-28,16:36,Delhi,North Indian,Snacks,601.35,42.6,28,643.95
FD10295,2026-05-19,07:41,Pune,Fast Food,Breakfast,545.31,38.01,12,583.32
FD10296,2026-06-30,07:09,Bengaluru,Chinese,Breakfast,340.43,54.53,23,394.96
FD10297,2026-01-30,15:11,Chennai,Chinese,Lunch,508.72,47.56,29,556.28
FD10298,2026-02-26,09:38,Mumbai,Indian,Breakfast,689.31,49.74,31,739.05
FD10299,2026-08-20,07:53,Hyderabad,North Indian,Breakfast,400.34,26.62,30,426.96
FD10300,2026-05-26,15:11,Pune,Fast Food,Lunch,402.42,22.84,35,425.26
FD10301,2026-02-17,22:32,Pune,Indian,Dinner,441.2,45.72,53,486.92
FD10302,2026-07-13,17:52,Bengaluru,Biryani,Snacks,385.33,33.39,31,418.72
FD10303,2026-08-12,17:01,Bengaluru,Indian,Snacks,495.34,49.99,34,545.33
FD10304,2026-05-16,14:38,Hyderabad,South Indian,Lunch,461.6,22.28,33,483.88
FD10305,2026-01-22,22:43,Chennai,Fast Food,Dinner,652.0,61.12,47,713.12
FD10306,2026-01-06,12:02,Ahmedabad,Fast Food,Lunch,381.59,49.97,42,431.56
FD10307,2026-07-23,09:17,Bengaluru,Fast Food,Breakfast,556.21,43.19,33,599.4
FD10308,2026-08-27,18:37,Delhi,Fast Food,Snacks,416.07,62.2,33,478.27
FD10309,2026-07-04,11:57,Chennai,Italian,Breakfast,555.96,53.38,13,609.34
FD10310,2026-08-08,11:43,Mumbai,Fast Food,Lunch,427.49,46.3,40,473.79
FD10311,2026-04-26,17:30,Delhi,Indian,Snacks,526.02,42.93,48,568.95
FD10312,2026-02-18,19:10,Pune,Biryani,Dinner,559.24,18.43,49,577.67
FD10313,2026-06-22,18:58,Pune,South Indian,Snacks,260.0,54.77,35,314.77
FD10314,2026-03-23,19:03,Ahmedabad,Fast Food,Dinner,575.36,38.45,35,613.81
FD10315,2026-02-14,18:33,Kolkata,South Indian,Dinner,390.03,18.27,39,408.3
FD10316,2026-01-20,15:23,Hyderabad,North Indian,Lunch,354.53,27.82,34,382.35
FD10317,2026-08-09,12:43,Delhi,South Indian,Lunch,333.5,52.45,50,385.95
FD10318,2026-05-03,12:24,Mumbai,Fast Food,Lunch,509.73,71.37,35,581.1
FD10319,2026-08-22,11:20,Mumbai,Indian,Lunch,464.31,52.25,51,516.56
FD10320,2026-08-09,13:15,Mumbai,Indian,Lunch,520.62,40.22,38,560.84
FD10321,2026-01-03,23:38,Bengaluru,Chinese,Dinner,513.53,24.95,56,538.48
FD10322,2026-07-01,21:31,Chennai,Chinese,Dinner,521.29,58.98,45,580.27
FD10323,2026-07-25,18:50,Hyderabad,Fast Food,Snacks,841.44,47.39,26,888.83
FD10324,2026-02-09,11:08,Mumbai,Chinese,Lunch,470.95,48.04,40,518.99
FD10325,2026-02-28,19:44,Ahmedabad,Biryani,Dinner,329.81,35.18,45,364.99
FD10326,2026-03-03,23:31,Chennai,Italian,Dinner,157.03,50.06,37,207.09
FD10327,2026-05-12,22:22,Bengaluru,Chinese,Dinner,275.7,49.73,45,325.43
FD10328,2026-03-01,11:41,Hyderabad,Fast Food,Breakfast,610.3,31.24,20,641.54
FD10329,2026-05-02,22:31,Delhi,North Indian,Dinner,547.99,28.29,58,576.28
FD10330,2026-04-17,09:09,Mumbai,South Indian,Breakfast,262.5,38.9,47,301.4
FD10331,2026-04-06,13:38,Delhi,South Indian,Lunch,809.63,36.38,53,846.01
FD10332,2026-08-23,08:14,Chennai,Fast Food,Breakfast,479.01,33.72,24,512.73
FD10333,2026-03-03,17:28,Pune,Chinese,Snacks,489.05,61.42,28,550.47
FD10334,2026-09-13,20:46,Pune,Biryani,Dinner,786.63,35.95,33,822.58
FD10335,2026-02-18,09:18,Pune,Biryani,Breakfast,710.92,27.0,38,737.92
FD10336,2026-06-08,12:27,Pune,North Indian,Lunch,537.17,27.68,45,564.85
FD10337,2026-05-04,15:14,Kolkata,Chinese,Snacks,539.38,39.79,40,579.17
FD10338,2026-07-26,13:05,Chennai,North Indian,Lunch,568.42,20.13,36,588.55
FD10339,2026-02-17,14:46,Bengaluru,Indian,Lunch,418.85,41.28,26,460.13
FD10340,2026-05-16,15:28,Pune,Indian,Lunch,463.02,25.97,23,488.99
FD10341,2026-07-20,20:02,Bengaluru,Chinese,Dinner,541.15,55.9,45,597.05
FD10342,2026-09-07,08:19,Bengaluru,South Indian,Breakfast,435.98,43.4,24,479.38
FD10343,2026-07-28,10:50,Mumbai,Fast Food,Breakfast,320.19,77.45,24,397.64
FD10344,2026-07-30,15:02,Delhi,Fast Food,Lunch,400.08,39.26,43,439.34
FD10345,2026-07-11,22:07,Delhi,Fast Food,Dinner,291.81,15.0,52,306.81
FD10346,2026-02-13,22:02,Hyderabad,Mexican,Dinner,464.66,59.49,34,524.15
FD10347,2026-01-29,18:59,Hyderabad,Italian,Dinner,187.93,48.02,29,235.95
FD10348,2026-02-28,15:52,Pune,Mexican,Lunch,501.16,49.88,31,551.04
FD10349,2026-03-12,15:06,Delhi,Biryani,Snacks,225.31,29.97,25,255.28
FD10350,2026-04-02,08:40,Hyderabad,Indian,Breakfast,364.48,41.49,30,405.97
FD10351,2026-09-22,23:23,Bengaluru,Fast Food,Dinner,530.62,44.24,44,574.86
FD10352,2026-08-08,18:36,Kolkata,South Indian,Dinner,533.67,39.15,56,572.82
FD10353,2026-08-03,18:00,Hyderabad,Mexican,Snacks,555.85,21.19,39,577.04
FD10354,2026-03-05,19:42,Mumbai,Fast Food,Dinner,512.96,85.22,62,598.18
FD10355,2026-09-02,23:07,Pune,South Indian,Dinner,252.11,52.03,27,304.14
FD10356,2026-03-03,11:24,Hyderabad,Fast Food,Lunch,572.09,47.05,12,619.14
FD10357,2026-06-19,19:11,Pune,Biryani,Dinner,285.54,57.77,42,343.31
FD10358,2026-09-26,07:16,Bengaluru,Mexican,Breakfast,649.19,49.73,29,698.92
FD10359,2026-09-24,18:25,Ahmedabad,Italian,Snacks,534.16,33.87,30,568.03
FD10360,2026-02-23,11:35,Bengaluru,North Indian,Lunch,658.84,57.0,42,715.84
FD10361,2026-01-16,07:22,Delhi,Biryani,Breakfast,473.73,52.23,16,525.96
FD10362,2026-01-08,13:05,Hyderabad,Chinese,Lunch,302.19,34.33,43,336.52
FD10363,2026-04-14,15:42,Bengaluru,North Indian,Lunch,261.1,51.48,48,312.58
FD10364,2026-02-28,15:17,Bengaluru,North Indian,Snacks,277.76,39.11,26,316.87
FD10365,2026-02-09,16:12,Ahmedabad,Fast Food,Snacks,164.48,44.5,28,208.98
FD10366,2026-08-25,09:13,Delhi,Indian,Breakfast,581.3,49.2,24,630.5
FD10367,2026-04-04,14:17,Ahmedabad,Fast Food,Lunch,570.11,58.42,30,628.53
FD10368,2026-08-10,17:59,Ahmedabad,Biryani,Snacks,523.05,34.25,20,557.3
FD10369,2026-07-23,11:27,Mumbai,Chinese,Lunch,460.04,56.38,43,516.42
FD10370,2026-05-18,20:55,Pune,Chinese,Dinner,729.14,66.19,42,795.33
FD10371,2026-07-26,20:31,Pune,Biryani,Dinner,435.28,39.89,35,475.17
FD10372,2026-03-22,18:39,Pune,Chinese,Dinner,453.14,44.36,30,497.5
FD10373,2026-08-06,21:27,Pune,Fast Food,Dinner,412.82,66.17,44,478.99
FD10374,2026-01-02,11:03,Hyderabad,South Indian,Lunch,374.25,49.65,31,423.9
FD10375,2026-06-27,23:56,Pune,Chinese,Dinner,514.65,24.31,37,538.96
FD10376,2026-05-26,12:47,Delhi,Fast Food,Lunch,344.98,32.45,36,377.43
FD10377,2026-08-12,13:25,Kolkata,South Indian,Lunch,309.91,50.27,48,360.18
FD10378,2026-03-03,23:15,Pune,South Indian,Dinner,522.22,47.08,34,569.3
FD10379,2026-08-27,18:47,Kolkata,Italian,Snacks,370.36,43.95,47,414.31
FD10380,2026-07-14,23:44,Mumbai,North Indian,Dinner,485.02,77.93,52,562.95
FD10381,2026-06-15,22:04,Pune,Chinese,Dinner,368.8,34.59,56,403.39
FD10382,2026-08-10,18:19,Hyderabad,Mexican,Dinner,453.27,41.11,47,494.38
FD10383,2026-03-02,23:17,Hyderabad,Biryani,Dinner,354.01,18.44,39,372.45
FD10384,2026-05-09,12:01,Kolkata,Chinese,Lunch,318.91,55.93,28,374.84
FD10385,2026-06-22,12:54,Chennai,North Indian,Lunch,307.04,32.41,35,339.45
FD10386,2026-06-05,15:49,Kolkata,Italian,Snacks,571.5,54.69,45,626.19
FD10387,2026-04-20,14:46,Mumbai,Fast Food,Lunch,490.78,63.42,42,554.2
FD10388,2026-09-26,15:49,Mumbai,Indian,Snacks,602.78,80.19,44,682.97
FD10389,2026-03-15,18:54,Chennai,Biryani,Dinner,613.81,49.79,43,663.6
FD10390,2026-07-26,20:18,Kolkata,South Indian,Dinner,346.01,37.73,42,383.74
FD10391,2026-07-23,13:38,Ahmedabad,Chinese,Lunch,542.24,47.44,38,589.68
FD10392,2026-06-10,15:25,Delhi,Indian,Lunch,437.88,32.89,44,470.77
FD10393,2026-01-28,15:43,Delhi,Chinese,Lunch,416.2,45.83,32,462.03
FD10394,2026-09-14,11:00,Chennai,South Indian,Lunch,617.86,39.59,36,657.45
FD10395,2026-06-14,20:42,Delhi,Italian,Dinner,553.07,41.16,45,594.23
FD10396,2026-03-04,13:17,Ahmedabad,Fast Food,Lunch,357.14,31.22,37,388.36
FD10397,2026-01-22,14:54,Kolkata,Mexican,Lunch,518.32,45.61,32,563.93
FD10398,2026-03-11,10:27,Delhi,Chinese,Breakfast,250.14,51.89,30,302.03
FD10399,2026-04-06,21:58,Chennai,North Indian,Dinner,467.1,22.17,34,489.27
FD10400,2026-06-12,18:18,Chennai,Fast Food,Dinner,205.06,33.74,30,238.8
FD10401,2026-03-20,14:58,Pune,Chinese,Lunch,272.34,44.02,40,316.36
FD10402,2026-01-05,10:48,Ahmedabad,Chinese,Breakfast,497.7,15.0,12,512.7
FD10403,2026-04-30,15:25,Bengaluru,Indian,Lunch,120.0,62.88,44,182.88
FD10404,2026-06-27,13:33,Kolkata,Fast Food,Lunch,685.38,33.47,19,718.85
FD10405,2026-06-25,20:39,Delhi,North Indian,Dinner,565.17,30.74,36,595.91
FD10406,2026-08-05,18:37,Ahmedabad,South Indian,Snacks,134.22,39.51,28,173.73
FD10407,2026-02-25,15:22,Delhi,Fast Food,Lunch,799.77,43.65,25,843.42
FD10408,2026-07-06,14:53,Pune,Fast Food,Lunch,821.12,32.92,34,854.04
FD10409,2026-08-20,23:15,Ahmedabad,North Indian,Dinner,382.93,53.76,49,436.69
FD10410,2026-09-12,18:47,Pune,Fast Food,Snacks,281.03,46.8,21,327.83
FD10411,2026-04-14,20:59,Delhi,Chinese,Dinner,692.95,31.95,39,724.9
FD10412,2026-03-18,15:45,Ahmedabad,Indian,Lunch,358.43,35.73,51,394.16
FD10413,2026-08-18,18:43,Ahmedabad,Italian,Snacks,464.16,23.8,21,487.96
FD10414,2026-09-15,11:25,Bengaluru,Indian,Breakfast,637.59,26.96,41,664.55
FD10415,2026-09-21,18:20,Hyderabad,South Indian,Snacks,401.97,46.65,30,448.62
FD10416,2026-07-01,18:40,Delhi,Biryani,Dinner,433.84,32.08,43,465.92
FD10417,2026-09-13,11:05,Mumbai,Indian,Lunch,274.14,73.65,54,347.79
FD10418,2026-02-07,09:22,Delhi,Indian,Breakfast,345.42,42.85,22,388.27
FD10419,2026-06-25,09:42,Hyderabad,South Indian,Breakfast,385.88,25.77,30,411.65
FD10420,2026-01-27,15:42,Chennai,Biryani,Lunch,274.22,28.28,46,302.5
FD10421,2026-05-20,12:22,Chennai,Italian,Lunch,287.81,54.64,32,342.45
FD10422,2026-04-01,07:20,Chennai,South Indian,Breakfast,435.04,41.08,18,476.12
FD10423,2026-03-02,18:38,Pune,Indian,Dinner,142.54,53.9,38,196.44
FD10424,2026-06-12,17:26,Bengaluru,Chinese,Snacks,323.13,37.6,35,360.73
FD10425,2026-05-23,15:43,Pune,Biryani,Lunch,741.69,35.28,27,776.97
FD10426,2026-09-10,19:23,Bengaluru,Biryani,Dinner,433.18,55.43,39,488.61
FD10427,2026-09-26,09:46,Delhi,Indian,Breakfast,369.39,31.7,12,401.09
FD10428,2026-07-06,20:41,Kolkata,Biryani,Dinner,392.51,47.87,36,440.38
FD10429,2026-03-27,12:47,Delhi,North Indian,Lunch,389.88,39.46,48,429.34
FD10430,2026-06-15,21:26,Pune,Fast Food,Dinner,506.23,52.54,25,558.77
FD10431,2026-04-24,16:26,Mumbai,South Indian,Snacks,540.73,73.82,33,614.55
FD10432,2026-07-02,18:52,Chennai,South Indian,Dinner,371.39,37.29,63,408.68
FD10433,2026-07-26,22:56,Hyderabad,South Indian,Dinner,392.92,35.43,40,428.35
FD10434,2026-09-13,15:25,Pune,North Indian,Lunch,616.92,49.99,49,666.91
FD10435,2026-08-23,22:12,Pune,Indian,Dinner,193.45,29.02,31,222.47
FD10436,2026-01-03,11:22,Chennai,Indian,Lunch,421.36,61.4,42,482.76
FD10437,2026-07-27,14:36,Pune,Italian,Lunch,470.29,59.35,26,529.64
FD10438,2026-07-16,15:27,Kolkata,Fast Food,Lunch,298.5,30.01,40,328.51
FD10439,2026-05-05,15:27,Chennai,Chinese,Snacks,412.73,23.0,41,435.73
FD10440,2026-05-18,11:01,Pune,North Indian,Lunch,283.25,28.07,42,311.32
FD10441,2026-01-25,15:57,Pune,Biryani,Snacks,545.58,28.26,29,573.84
FD10442,2026-03-09,16:40,Ahmedabad,Indian,Snacks,209.27,51.62,33,260.89
FD10443,2026-03-02,23:10,Delhi,North Indian,Dinner,599.35,60.59,45,659.94
FD10444,2026-01-29,18:37,Delhi,South Indian,Dinner,429.0,51.48,48,480.48
FD10445,2026-01-19,16:44,Kolkata,Fast Food,Snacks,347.79,39.17,30,386.96
FD10446,2026-06-20,13:13,Ahmedabad,Chinese,Lunch,259.3,46.11,44,305.41
FD10447,2026-03-15,12:39,Ahmedabad,North Indian,Lunch,564.6,31.56,49,596.16
FD10448,2026-03-02,13:54,Chennai,Fast Food,Lunch,332.22,55.17,35,387.39
FD10449,2026-06-02,11:34,Delhi,Biryani,Breakfast,294.91,47.18,27,342.09
FD10450,2026-02-17,11:23,Pune,North Indian,Lunch,577.72,51.28,29,629.0
FD10451,2026-07-30,13:17,Chennai,South Indian,Lunch,294.35,33.27,41,327.62
FD10452,2026-05-19,18:51,Bengaluru,North Indian,Dinner,440.83,39.98,47,480.81
FD10453,2026-04-20,15:23,Delhi,Fast Food,Snacks,562.82,50.7,35,613.52
FD10454,2026-07-02,15:34,Ahmedabad,South Indian,Lunch,433.69,59.32,37,493.01
FD10455,2026-01-28,16:00,Pune,Indian,Snacks,679.63,34.7,49,714.33
FD10456,2026-07-16,14:24,Bengaluru,Biryani,Lunch,359.76,51.37,15,411.13
FD10457,2026-07-10,15:48,Pune,North Indian,Snacks,388.42,33.46,28,421.88
FD10458,2026-02-20,21:42,Bengaluru,North Indian,Dinner,435.02,67.41,41,502.43
FD10459,2026-05-29,16:24,Pune,Chinese,Snacks,513.19,37.02,45,550.21
FD10460,2026-09-25,12:28,Pune,North Indian,Lunch,613.29,49.72,41,663.01
FD10461,2026-02-19,20:22,Pune,Mexican,Dinner,461.04,43.99,44,505.03
FD10462,2026-09-03,20:24,Hyderabad,North Indian,Dinner,404.35,73.26,52,477.61
FD10463,2026-04-23,23:50,Chennai,Indian,Dinner,207.55,44.76,40,252.31
FD10464,2026-06-19,15:00,Bengaluru,North Indian,Snacks,471.86,35.82,42,507.68
FD10465,2026-06-15,19:18,Ahmedabad,Biryani,Dinner,342.45,49.67,34,392.12
FD10466,2026-01-14,11:33,Delhi,Indian,Lunch,532.77,49.41,30,582.18
FD10467,2026-07-22,14:39,Mumbai,Biryani,Lunch,433.55,50.11,59,483.66
FD10468,2026-07-08,08:33,Kolkata,Mexican,Breakfast,408.9,28.86,27,437.76
FD10469,2026-06-04,15:44,Mumbai,Fast Food,Snacks,245.96,45.66,43,291.62
FD10470,2026-02-24,16:20,Ahmedabad,Fast Food,Snacks,138.28,52.58,21,190.86
FD10471,2026-07-01,12:05,Pune,South Indian,Lunch,699.15,21.03,42,720.18
FD10472,2026-07-29,18:47,Ahmedabad,Fast Food,Dinner,429.45,39.02,55,468.47
FD10473,2026-03-16,20:38,Pune,Fast Food,Dinner,480.65,53.94,38,534.59
FD10474,2026-05-13,19:09,Ahmedabad,Mexican,Dinner,303.16,40.88,27,344.04
FD10475,2026-02-28,16:56,Bengaluru,Italian,Snacks,616.33,68.08,38,684.41
FD10476,2026-07-01,21:17,Ahmedabad,North Indian,Dinner,514.27,21.06,29,535.33
FD10477,2026-03-05,14:23,Pune,Fast Food,Lunch,299.64,30.46,23,330.1
FD10478,2026-09-17,21:08,Bengaluru,Fast Food,Dinner,296.07,15.0,38,311.07
FD10479,2026-07-12,14:39,Ahmedabad,Fast Food,Lunch,300.12,65.92,31,366.04
FD10480,2026-05-23,18:44,Bengaluru,Mexican,Dinner,480.76,30.66,35,511.42
FD10481,2026-04-14,11:25,Hyderabad,Fast Food,Lunch,450.07,18.16,50,468.23
FD10482,2026-08-02,21:16,Hyderabad,Indian,Dinner,430.76,34.66,58,465.42
FD10483,2026-08-30,20:56,Bengaluru,South Indian,Dinner,649.81,25.29,50,675.1
FD10484,2026-07-28,14:04,Hyderabad,Indian,Lunch,317.76,34.74,41,352.5
FD10485,2026-04-03,17:04,Bengaluru,Italian,Snacks,322.0,42.49,35,364.49
FD10486,2026-05-22,21:14,Ahmedabad,Mexican,Dinner,440.01,51.66,31,491.67
FD10487,2026-04-22,16:46,Pune,Mexican,Snacks,196.04,39.9,46,235.94
FD10488,2026-02-28,19:28,Mumbai,North Indian,Dinner,569.36,52.3,45,621.66
FD10489,2026-02-12,15:03,Ahmedabad,Mexican,Snacks,454.69,35.02,27,489.71
FD10490,2026-07-26,12:44,Ahmedabad,South Indian,Lunch,359.29,23.86,45,383.15
FD10491,2026-09-25,12:30,Bengaluru,Chinese,Lunch,395.97,19.84,41,415.81
FD10492,2026-04-28,11:07,Hyderabad,Mexican,Lunch,591.5,37.63,46,629.13
FD10493,2026-01-20,20:47,Mumbai,Chinese,Dinner,596.72,53.02,42,649.74
FD10494,2026-08-10,11:29,Mumbai,Indian,Lunch,428.04,46.74,52,474.78
FD10495,2026-06-15,15:10,Bengaluru,North Indian,Snacks,543.77,20.29,45,564.06
FD10496,2026-05-11,17:36,Delhi,North Indian,Snacks,569.51,44.42,46,613.93
FD10497,2026-06-05,15:41,Bengaluru,North Indian,Snacks,505.33,61.55,30,566.88
FD10498,2026-07-03,22:35,Pune,South Indian,Dinner,389.18,40.62,39,429.8
FD10499,2026-03-31,22:11,Ahmedabad,Mexican,Dinner,497.18,35.05,56,532.23
FD10500,2026-04-04,15:09,Ahmedabad,Fast Food,Lunch,254.14,41.27,34,295.41
FD10501,2026-01-13,21:55,Hyderabad,South Indian,Dinner,435.67,28.75,48,464.42
FD10502,2026-08-18,18:51,Bengaluru,South Indian,Dinner,420.03,27.97,65,448.0
FD10503,2026-01-26,17:01,Delhi,Indian,Snacks,381.52,47.42,18,428.94
FD10504,2026-03-16,23:55,Kolkata,Italian,Dinner,186.02,53.88,37,239.9
FD10505,2026-05-30,14:22,Hyderabad,Mexican,Lunch,300.86,40.23,38,341.09
FD10506,2026-05-28,11:22,Mumbai,Mexican,Breakfast,422.12,28.31,13,450.43
FD10507,2026-01-08,22:13,Ahmedabad,North Indian,Dinner,544.26,46.24,35,590.5
FD10508,2026-01-29,12:50,Kolkata,South Indian,Lunch,457.87,66.81,28,524.68
FD10509,2026-07-28,22:54,Ahmedabad,North Indian,Dinner,550.95,39.07,46,590.02
FD10510,2026-05-08,18:30,Chennai,Fast Food,Dinner,616.44,39.87,26,656.31
FD10511,2026-04-26,08:19,Hyderabad,Fast Food,Breakfast,474.4,31.53,42,505.93
FD10512,2026-05-24,21:54,Delhi,Fast Food,Dinner,461.04,47.78,49,508.82
FD10513,2026-08-23,15:44,Ahmedabad,Biryani,Snacks,294.05,33.95,21,328.0
FD10514,2026-01-07,16:24,Kolkata,Indian,Snacks,713.0,54.26,41,767.26
FD10515,2026-02-14,22:57,Pune,Chinese,Dinner,207.32,34.11,45,241.43
FD10516,2026-08-27,21:41,Pune,Indian,Dinner,437.81,46.1,40,483.91
FD10517,2026-06-04,09:57,Delhi,North Indian,Breakfast,564.92,41.44,20,606.36
FD10518,2026-06-30,17:17,Kolkata,Biryani,Snacks,572.01,60.66,36,632.67
FD10519,2026-08-03,20:53,Ahmedabad,Chinese,Dinner,236.74,46.91,40,283.65
FD10520,2026-03-29,21:04,Mumbai,Biryani,Dinner,432.01,68.64,39,500.65
FD10521,2026-09-13,20:21,Hyderabad,Indian,Dinner,305.16,43.3,29,348.46
FD10522,2026-03-14,13:59,Delhi,Biryani,Lunch,172.93,39.95,32,212.88
FD10523,2026-06-28,13:46,Ahmedabad,Italian,Lunch,459.55,41.54,31,501.09
FD10524,2026-07-31,11:03,Kolkata,Indian,Lunch,307.36,32.74,47,340.1
FD10525,2026-08-22,18:43,Kolkata,South Indian,Dinner,640.82,48.38,47,689.2
FD10526,2026-08-27,13:54,Bengaluru,Chinese,Lunch,547.28,33.72,37,581.0
FD10527,2026-08-11,11:18,Delhi,Italian,Lunch,476.21,43.35,36,519.56
FD10528,2026-04-29,23:35,Mumbai,Italian,Dinner,424.1,62.26,55,486.36
FD10529,2026-09-21,09:48,Pune,Fast Food,Breakfast,437.27,61.0,26,498.27
FD10530,2026-07-26,18:15,Kolkata,South Indian,Dinner,376.62,43.95,42,420.57
FD10531,2026-04-05,23:39,Kolkata,Italian,Dinner,455.43,52.33,33,507.76
FD10532,2026-08-10,20:07,Ahmedabad,North Indian,Dinner,695.25,50.9,38,746.15
FD10533,2026-08-19,12:27,Ahmedabad,Fast Food,Lunch,250.29,37.41,36,287.7
FD10534,2026-04-29,10:18,Bengaluru,Italian,Breakfast,459.7,67.29,28,526.99
FD10535,2026-09-25,19:16,Chennai,Mexican,Dinner,565.96,35.09,48,601.05
FD10536,2026-09-30,22:12,Ahmedabad,Indian,Dinner,349.98,43.09,46,393.07
FD10537,2026-03-05,20:09,Kolkata,Chinese,Dinner,652.08,59.45,31,711.53
FD10538,2026-01-11,12:35,Mumbai,North Indian,Lunch,566.77,69.15,38,635.92
FD10539,2026-04-08,18:05,Bengaluru,Chinese,Dinner,347.17,42.17,38,389.34
FD10540,2026-03-12,19:22,Pune,South Indian,Dinner,450.61,53.89,52,504.5
FD10541,2026-02-27,23:28,Ahmedabad,Fast Food,Dinner,304.31,39.31,59,343.62
FD10542,2026-09-08,23:24,Hyderabad,Indian,Dinner,305.5,36.14,36,341.64
FD10543,2026-02-19,18:45,Mumbai,South Indian,Dinner,443.97,37.45,44,481.42
FD10544,2026-08-04,18:10,Hyderabad,Chinese,Snacks,614.56,50.69,40,665.25
FD10545,2026-02-21,08:50,Hyderabad,Biryani,Breakfast,566.82,51.95,18,618.77
FD10546,2026-09-28,16:33,Delhi,South Indian,Snacks,436.61,35.19,42,471.8
FD10547,2026-03-25,10:02,Pune,Fast Food,Breakfast,537.18,45.22,24,582.4
FD10548,2026-05-06,13:37,Hyderabad,South Indian,Lunch,465.29,73.81,22,539.1
FD10549,2026-03-13,15:13,Bengaluru,Indian,Lunch,279.52,55.76,30,335.28
FD10550,2026-08-24,09:25,Chennai,North Indian,Breakfast,408.23,31.18,22,439.41
FD10551,2026-02-25,15:53,Bengaluru,Biryani,Lunch,474.03,54.02,52,528.05
FD10552,2026-04-20,09:07,Kolkata,North Indian,Breakfast,529.25,31.24,15,560.49
FD10553,2026-07-11,20:19,Bengaluru,Fast Food,Dinner,370.03,15.0,40,385.03
FD10554,2026-04-03,23:58,Bengaluru,Biryani,Dinner,348.1,41.76,46,389.86
FD10555,2026-02-25,07:44,Kolkata,Chinese,Breakfast,408.17,60.76,12,468.93
FD10556,2026-03-01,18:28,Delhi,Chinese,Dinner,343.19,58.77,45,401.96
FD10557,2026-05-18,17:07,Pune,North Indian,Snacks,371.47,46.53,18,418.0
FD10558,2026-02-08,14:34,Pune,Mexican,Lunch,437.87,35.5,42,473.37
FD10559,2026-01-28,09:02,Chennai,Fast Food,Breakfast,372.54,47.84,18,420.38
FD10560,2026-02-18,16:44,Hyderabad,Biryani,Snacks,599.48,38.77,24,638.25
FD10561,2026-05-05,20:00,Chennai,Italian,Dinner,672.14,35.84,44,707.98
FD10562,2026-01-13,20:15,Mumbai,Chinese,Dinner,594.44,64.74,53,659.18
FD10563,2026-02-05,10:22,Pune,Fast Food,Breakfast,154.32,35.69,27,190.01
FD10564,2026-04-11,07:58,Pune,Italian,Breakfast,353.7,55.53,26,409.23
FD10565,2026-03-27,13:41,Delhi,Fast Food,Lunch,413.2,34.89,41,448.09
FD10566,2026-01-04,15:32,Bengaluru,Mexican,Lunch,208.06,66.7,45,274.76
FD10567,2026-08-11,12:35,Delhi,North Indian,Lunch,308.62,22.31,44,330.93
FD10568,2026-06-15,15:40,Delhi,Indian,Lunch,411.29,30.52,36,441.81
FD10569,2026-05-10,20:16,Ahmedabad,North Indian,Dinner,342.65,40.14,45,382.79
FD10570,2026-01-31,20:47,Delhi,South Indian,Dinner,441.3,18.19,35,459.49
FD10571,2026-01-11,15:47,Bengaluru,North Indian,Lunch,247.88,15.0,51,262.88
FD10572,2026-04-06,20:51,Chennai,Chinese,Dinner,360.96,18.3,48,379.26
FD10573,2026-07-09,13:51,Delhi,Fast Food,Lunch,462.79,38.49,59,501.28
FD10574,2026-07-11,16:47,Hyderabad,Fast Food,Snacks,426.53,38.8,37,465.33
FD10575,2026-09-23,15:30,Kolkata,Chinese,Lunch,482.03,46.0,45,528.03
FD10576,2026-05-08,18:59,Ahmedabad,Indian,Dinner,468.29,39.64,25,507.93
FD10577,2026-08-26,21:22,Mumbai,Indian,Dinner,403.93,55.59,54,459.52
FD10578,2026-04-22,16:49,Ahmedabad,North Indian,Snacks,428.02,36.6,41,464.62
FD10579,2026-05-25,12:14,Bengaluru,North Indian,Lunch,335.0,50.58,55,385.58
FD10580,2026-03-06,23:26,Mumbai,South Indian,Dinner,424.47,59.13,47,483.6
FD10581,2026-09-04,12:35,Bengaluru,Chinese,Lunch,296.66,38.08,38,334.74
FD10582,2026-08-11,20:46,Ahmedabad,Mexican,Dinner,599.81,48.4,29,648.21
FD10583,2026-04-16,15:40,Bengaluru,North Indian,Snacks,413.98,39.71,27,453.69
FD10584,2026-06-30,16:23,Delhi,South Indian,Snacks,599.59,23.73,34,623.32
FD10585,2026-07-03,18:31,Hyderabad,Biryani,Snacks,501.72,52.85,17,554.57
FD10586,2026-08-14,22:31,Mumbai,Indian,Dinner,332.15,41.12,39,373.27
FD10587,2026-09-22,10:48,Pune,North Indian,Breakfast,457.67,52.73,25,510.4
FD10588,2026-03-30,22:00,Pune,Mexican,Dinner,571.46,45.89,41,617.35
FD10589,2026-06-25,12:14,Pune,Mexican,Lunch,438.36,40.99,28,479.35
FD10590,2026-01-18,21:13,Mumbai,Fast Food,Dinner,476.1,29.48,35,505.58
FD10591,2026-04-16,18:28,Pune,North Indian,Dinner,337.28,60.48,30,397.76
FD10592,2026-09-28,19:17,Hyderabad,Biryani,Dinner,458.62,37.64,39,496.26
FD10593,2026-06-16,16:06,Mumbai,Indian,Snacks,500.68,59.61,57,560.29
FD10594,2026-01-13,15:54,Delhi,Indian,Snacks,353.18,40.63,44,393.81
FD10595,2026-02-01,15:24,Ahmedabad,Fast Food,Lunch,248.11,38.74,38,286.85
FD10596,2026-02-09,23:13,Bengaluru,South Indian,Dinner,648.2,44.31,49,692.51
FD10597,2026-05-28,13:53,Hyderabad,Italian,Lunch,545.62,42.32,47,587.94
FD10598,2026-08-06,16:16,Mumbai,Indian,Snacks,382.85,48.8,44,431.65
FD10599,2026-08-07,15:13,Mumbai,Indian,Lunch,497.95,51.34,40,549.29
FD10600,2026-03-23,11:55,Pune,Biryani,Lunch,228.21,47.12,29,275.33
FD10601,2026-07-27,23:28,Mumbai,Chinese,Dinner,168.44,57.97,44,226.41
FD10602,2026-07-20,10:20,Mumbai,Italian,Breakfast,657.62,52.52,39,710.14
FD10603,2026-02-07,22:52,Mumbai,Chinese,Dinner,499.43,59.45,43,558.88
FD10604,2026-07-30,13:36,Pune,Italian,Lunch,442.84,36.91,27,479.75
FD10605,2026-09-06,08:57,Pune,Indian,Breakfast,454.9,68.7,12,523.6
FD10606,2026-08-15,18:48,Bengaluru,South Indian,Snacks,938.92,59.83,35,998.75
FD10607,2026-02-17,09:16,Mumbai,Indian,Breakfast,595.36,61.15,20,656.51
FD10608,2026-01-18,12:54,Delhi,Fast Food,Lunch,283.18,18.7,36,301.88
FD10609,2026-07-15,19:03,Bengaluru,Chinese,Dinner,202.94,49.27,57,252.21
FD10610,2026-07-06,11:38,Hyderabad,South Indian,Breakfast,583.18,37.96,24,621.14
FD10611,2026-08-12,19:29,Pune,Biryani,Dinner,578.41,30.26,33,608.67
FD10612,2026-08-17,07:38,Chennai,North Indian,Breakfast,516.26,37.65,28,553.91
FD10613,2026-03-18,11:04,Hyderabad,South Indian,Lunch,303.07,31.59,55,334.66
FD10614,2026-07-07,22:19,Pune,Italian,Dinner,504.49,48.08,39,552.57
FD10615,2026-09-27,13:40,Kolkata,Italian,Lunch,336.5,61.39,15,397.89
FD10616,2026-04-05,11:39,Ahmedabad,North Indian,Breakfast,509.42,51.91,29,561.33
FD10617,2026-05-12,11:04,Pune,Biryani,Lunch,597.4,75.15,40,672.55
FD10618,2026-02-08,12:56,Mumbai,North Indian,Lunch,383.48,33.36,43,416.84
FD10619,2026-03-13,19:08,Kolkata,South Indian,Dinner,584.77,35.93,37,620.7
FD10620,2026-06-09,13:35,Chennai,Fast Food,Lunch,447.23,30.68,31,477.91
FD10621,2026-07-06,23:21,Mumbai,South Indian,Dinner,538.78,66.75,59,605.53
FD10622,2026-07-10,23:33,Mumbai,Indian,Dinner,268.55,49.35,29,317.9
FD10623,2026-04-30,15:37,Delhi,South Indian,Lunch,474.83,44.27,37,519.1
FD10624,2026-08-08,20:45,Bengaluru,Biryani,Dinner,383.66,49.6,41,433.26
FD10625,2026-02-22,11:17,Hyderabad,Chinese,Lunch,496.2,24.54,45,520.74
FD10626,2026-08-10,18:32,Delhi,North Indian,Dinner,660.07,34.54,54,694.61
FD10627,2026-05-11,07:23,Bengaluru,Chinese,Breakfast,498.43,53.97,26,552.4
FD10628,2026-08-25,21:03,Chennai,South Indian,Dinner,294.87,35.42,43,330.29
FD10629,2026-09-03,15:17,Pune,Indian,Snacks,513.97,21.44,35,535.41
FD10630,2026-08-14,13:42,Mumbai,South Indian,Lunch,525.27,41.17,52,566.44
FD10631,2026-07-27,20:31,Chennai,Fast Food,Dinner,738.79,38.56,51,777.35
FD10632,2026-04-06,18:27,Ahmedabad,Italian,Dinner,478.1,44.0,34,522.1
FD10633,2026-07-19,08:40,Bengaluru,North Indian,Breakfast,367.18,41.15,32,408.33
FD10634,2026-09-04,14:59,Bengaluru,Fast Food,Lunch,570.6,34.63,45,605.23
FD10635,2026-03-13,23:15,Pune,Biryani,Dinner,430.85,53.27,39,484.12
FD10636,2026-07-04,19:22,Delhi,Chinese,Dinner,452.04,40.45,46,492.49
FD10637,2026-01-06,19:41,Bengaluru,Mexican,Dinner,345.73,44.51,45,390.24
FD10638,2026-07-25,18:12,Mumbai,Chinese,Dinner,446.63,45.27,47,491.9
FD10639,2026-02-01,19:53,Mumbai,Biryani,Dinner,499.62,70.11,33,569.73
FD10640,2026-04-09,22:48,Delhi,Biryani,Dinner,450.75,37.3,34,488.05
FD10641,2026-09-13,15:42,Pune,South Indian,Lunch,331.37,42.9,44,374.27
FD10642,2026-07-06,11:41,Delhi,Fast Food,Breakfast,483.23,54.42,16,537.65
FD10643,2026-03-17,18:14,Mumbai,South Indian,Dinner,326.48,55.36,50,381.84
FD10644,2026-06-26,19:22,Delhi,North Indian,Dinner,266.15,45.06,42,311.21
FD10645,2026-09-12,09:29,Pune,Indian,Breakfast,526.43,18.32,33,544.75
FD10646,2026-07-09,12:33,Ahmedabad,Fast Food,Lunch,502.66,50.17,42,552.83
FD10647,2026-05-07,19:03,Hyderabad,Indian,Dinner,228.86,42.67,37,271.53
FD10648,2026-09-11,17:06,Hyderabad,Fast Food,Snacks,150.57,48.5,31,199.07
FD10649,2026-08-01,12:41,Chennai,Fast Food,Lunch,278.69,44.2,20,322.89
FD10650,2026-09-07,17:39,Bengaluru,Fast Food,Snacks,435.76,35.29,35,471.05
FD10651,2026-03-25,12:00,Pune,Indian,Lunch,593.15,52.73,26,645.88
FD10652,2026-01-13,14:45,Bengaluru,Italian,Lunch,462.09,44.38,39,506.47
FD10653,2026-02-14,11:51,Bengaluru,Italian,Lunch,369.6,26.53,36,396.13
FD10654,2026-05-07,08:42,Chennai,Mexican,Breakfast,482.29,57.7,17,539.99
FD10655,2026-04-24,22:20,Delhi,Indian,Dinner,422.9,24.83,53,447.73
FD10656,2026-07-24,12:13,Pune,Biryani,Lunch,242.85,52.81,26,295.66
FD10657,2026-09-30,18:58,Mumbai,South Indian,Dinner,258.74,69.84,37,328.58
FD10658,2026-02-27,21:41,Delhi,Italian,Dinner,267.77,28.72,36,296.49
FD10659,2026-08-07,13:55,Hyderabad,Mexican,Lunch,826.98,40.53,33,867.51
FD10660,2026-04-19,20:05,Bengaluru,South Indian,Dinner,584.0,39.41,36,623.41
FD10661,2026-06-23,18:19,Delhi,North Indian,Snacks,350.94,39.95,31,390.89
FD10662,2026-09-21,20:37,Ahmedabad,South Indian,Dinner,576.24,63.96,41,640.2
FD10663,2026-04-21,11:53,Hyderabad,Biryani,Lunch,369.79,28.86,44,398.65
FD10664,2026-07-06,18:48,Mumbai,South Indian,Dinner,626.28,48.32,51,674.6
FD10665,2026-09-26,18:46,Pune,Biryani,Snacks,462.05,60.04,15,522.09
FD10666,2026-08-17,13:21,Mumbai,Fast Food,Lunch,366.17,48.12,46,414.29
FD10667,2026-06-05,11:54,Mumbai,Chinese,Lunch,566.97,40.77,47,607.74
FD10668,2026-07-08,21:34,Mumbai,Biryani,Dinner,515.63,55.16,40,570.79
FD10669,2026-09-29,23:29,Mumbai,Indian,Dinner,524.74,61.67,61,586.41
FD10670,2026-01-02,15:21,Mumbai,Fast Food,Lunch,497.33,47.29,52,544.62
FD10671,2026-09-03,20:19,Mumbai,Mexican,Dinner,525.75,58.65,44,584.4
FD10672,2026-07-29,15:50,Ahmedabad,Fast Food,Lunch,530.08,25.48,30,555.56
FD10673,2026-01-13,18:41,Pune,Fast Food,Dinner,807.57,26.15,55,833.72
FD10674,2026-04-06,12:00,Bengaluru,Fast Food,Lunch,642.32,36.72,41,679.04
FD10675,2026-08-09,23:47,Delhi,Fast Food,Dinner,472.95,49.08,43,522.03
FD10676,2026-08-26,12:54,Ahmedabad,Italian,Lunch,393.41,51.14,36,444.55
FD10677,2026-04-04,12:16,Pune,Indian,Lunch,389.89,27.82,58,417.71
FD10678,2026-09-26,07:14,Delhi,Mexican,Breakfast,281.58,50.69,25,332.27
FD10679,2026-06-20,09:55,Ahmedabad,Chinese,Breakfast,509.68,44.0,23,553.68
FD10680,2026-04-04,17:18,Kolkata,North Indian,Snacks,262.76,31.45,24,294.21
FD10681,2026-05-29,11:43,Kolkata,Italian,Lunch,389.13,25.99,33,415.12
FD10682,2026-04-22,19:34,Mumbai,Biryani,Dinner,595.55,54.76,36,650.31
FD10683,2026-02-24,08:00,Mumbai,North Indian,Breakfast,429.4,67.47,22,496.87
FD10684,2026-04-26,14:20,Hyderabad,Fast Food,Lunch,351.16,42.43,21,393.59
FD10685,2026-05-23,15:05,Ahmedabad,Indian,Lunch,230.38,30.78,44,261.16
FD10686,2026-07-20,11:00,Bengaluru,Fast Food,Breakfast,635.8,19.58,30,655.38
FD10687,2026-06-29,13:00,Bengaluru,Biryani,Lunch,360.02,60.35,44,420.37
FD10688,2026-07-21,13:20,Mumbai,South Indian,Lunch,377.12,64.5,42,441.62
FD10689,2026-02-22,15:15,Chennai,North Indian,Snacks,161.24,45.62,34,206.86
FD10690,2026-06-29,14:58,Mumbai,Fast Food,Lunch,462.02,69.74,57,531.76
FD10691,2026-05-17,15:53,Delhi,Chinese,Snacks,390.01,44.69,28,434.7
FD10692,2026-07-01,18:25,Delhi,South Indian,Snacks,467.28,35.63,37,502.91
FD10693,2026-01-01,10:00,Bengaluru,Mexican,Breakfast,308.81,48.66,31,357.47
FD10694,2026-02-13,18:09,Mumbai,Chinese,Snacks,575.13,42.04,48,617.17
FD10695,2026-08-15,20:16,Pune,Mexican,Dinner,174.12,30.05,44,204.17
FD10696,2026-04-08,15:58,Hyderabad,Indian,Snacks,411.17,51.26,37,462.43
FD10697,2026-07-27,21:52,Mumbai,Indian,Dinner,482.32,62.27,34,544.59
FD10698,2026-09-22,14:14,Bengaluru,Indian,Lunch,463.67,26.72,34,490.39
FD10699,2026-09-28,19:45,Mumbai,Biryani,Dinner,518.66,37.16,35,555.82
FD10700,2026-05-20,22:03,Bengaluru,South Indian,Dinner,573.3,36.66,22,609.96
FD10701,2026-08-25,16:13,Bengaluru,Biryani,Snacks,683.7,33.46,40,717.16
FD10702,2026-03-13,20:01,Pune,Mexican,Dinner,426.66,47.72,38,474.38
FD10703,2026-06-04,12:49,Delhi,Italian,Lunch,324.82,42.58,43,367.4
FD10704,2026-07-09,11:16,Pune,South Indian,Breakfast,504.11,55.98,24,560.09
FD10705,2026-09-25,22:11,Pune,Mexican,Dinner,407.96,45.81,42,453.77
FD10706,2026-04-17,23:21,Ahmedabad,Indian,Dinner,599.69,34.27,51,633.96
FD10707,2026-08-20,11:19,Delhi,North Indian,Lunch,349.71,19.31,40,369.02
FD10708,2026-02-11,11:53,Kolkata,Chinese,Lunch,286.3,44.15,42,330.45
FD10709,2026-07-09,11:57,Mumbai,North Indian,Breakfast,486.57,31.48,27,518.05
FD10710,2026-05-19,13:17,Hyderabad,North Indian,Lunch,163.94,34.12,45,198.06
FD10711,2026-04-13,23:44,Chennai,Chinese,Dinner,359.89,33.34,30,393.23
FD10712,2026-06-20,15:22,Hyderabad,Indian,Snacks,375.52,35.9,16,411.42
FD10713,2026-09-30,12:12,Bengaluru,Fast Food,Lunch,488.07,26.21,60,514.28
FD10714,2026-08-09,14:26,Delhi,South Indian,Lunch,290.56,33.3,56,323.86
FD10715,2026-08-01,08:32,Delhi,Indian,Breakfast,308.07,55.75,12,363.82
FD10716,2026-02-25,14:44,Ahmedabad,Biryani,Lunch,613.54,55.72,35,669.26
FD10717,2026-04-12,20:56,Kolkata,Indian,Dinner,412.98,60.39,41,473.37
FD10718,2026-07-11,22:01,Ahmedabad,North Indian,Dinner,539.7,42.12,45,581.82
FD10719,2026-07-19,19:32,Pune,Biryani,Dinner,368.73,45.25,56,413.98
FD10720,2026-08-21,11:25,Chennai,Chinese,Breakfast,421.83,55.93,16,477.76
FD10721,2026-08-15,20:14,Ahmedabad,Chinese,Dinner,442.18,24.35,30,466.53
FD10722,2026-05-19,20:22,Mumbai,Indian,Dinner,727.13,61.67,46,788.8
FD10723,2026-05-29,22:33,Pune,Italian,Dinner,417.36,57.63,31,474.99
FD10724,2026-04-25,15:40,Chennai,Indian,Snacks,405.06,31.33,12,436.39
FD10725,2026-03-04,11:22,Bengaluru,North Indian,Lunch,619.72,58.59,39,678.31
FD10726,2026-04-14,13:57,Kolkata,Indian,Lunch,358.03,66.69,44,424.72
FD10727,2026-06-05,08:42,Pune,South Indian,Breakfast,462.69,51.33,24,514.02
FD10728,2026-09-30,11:00,Chennai,Biryani,Lunch,611.64,49.13,44,660.77
FD10729,2026-01-06,15:13,Mumbai,Fast Food,Lunch,378.62,38.56,47,417.18
FD10730,2026-05-27,18:31,Mumbai,North Indian,Snacks,516.07,64.83,28,580.9
FD10731,2026-07-03,23:38,Mumbai,Italian,Dinner,756.83,39.69,46,796.52
FD10732,2026-01-28,16:06,Kolkata,North Indian,Snacks,553.2,46.44,18,599.64
FD10733,2026-02-07,08:33,Hyderabad,South Indian,Breakfast,467.74,47.65,20,515.39
FD10734,2026-04-29,23:35,Bengaluru,Mexican,Dinner,451.35,15.0,45,466.35
FD10735,2026-09-01,22:59,Delhi,Indian,Dinner,349.35,46.87,42,396.22
FD10736,2026-03-09,18:32,Kolkata,Biryani,Dinner,296.77,73.46,28,370.23
FD10737,2026-08-02,19:50,Delhi,South Indian,Dinner,666.44,16.9,33,683.34
FD10738,2026-08-06,17:46,Kolkata,Chinese,Snacks,612.32,41.35,34,653.67
FD10739,2026-06-26,19:50,Delhi,Mexican,Dinner,371.43,18.63,50,390.06
FD10740,2026-06-13,10:55,Delhi,Mexican,Breakfast,520.65,31.27,25,551.92
FD10741,2026-02-27,11:31,Bengaluru,Fast Food,Lunch,471.7,18.84,39,490.54
FD10742,2026-09-26,13:27,Delhi,Fast Food,Lunch,617.66,43.91,48,661.57
FD10743,2026-02-27,11:45,Chennai,Fast Food,Lunch,487.42,51.52,31,538.94
FD10744,2026-04-15,13:49,Bengaluru,Indian,Lunch,451.58,46.92,57,498.5
FD10745,2026-08-16,19:01,Mumbai,Mexican,Dinner,413.75,40.84,34,454.59
FD10746,2026-09-04,21:49,Ahmedabad,South Indian,Dinner,461.13,34.69,48,495.82
FD10747,2026-07-07,17:12,Delhi,Indian,Snacks,387.77,45.27,39,433.04
FD10748,2026-03-24,11:22,Bengaluru,Chinese,Lunch,488.1,31.21,63,519.31
FD10749,2026-07-05,21:21,Ahmedabad,Fast Food,Dinner,398.6,26.05,29,424.65
FD10750,2026-09-09,19:32,Hyderabad,Indian,Dinner,369.13,39.13,20,408.26
FD10751,2026-08-26,13:09,Pune,South Indian,Lunch,274.09,30.66,48,304.75
FD10752,2026-07-03,18:36,Ahmedabad,Chinese,Dinner,487.13,46.94,26,534.07
FD10753,2026-07-29,13:52,Hyderabad,Indian,Lunch,431.39,57.58,43,488.97
FD10754,2026-04-07,11:44,Delhi,Chinese,Lunch,708.11,73.17,50,781.28
FD10755,2026-07-27,23:55,Pune,Biryani,Dinner,295.15,46.06,43,341.21
FD10756,2026-05-17,11:16,Chennai,Fast Food,Lunch,523.79,49.75,40,573.54
FD10757,2026-07-03,18:36,Hyderabad,Biryani,Snacks,442.6,34.81,36,477.41
FD10758,2026-03-17,18:01,Bengaluru,South Indian,Dinner,769.96,35.55,52,805.51
FD10759,2026-05-22,18:59,Ahmedabad,Indian,Dinner,492.35,57.41,44,549.76
FD10760,2026-08-25,07:03,Chennai,South Indian,Breakfast,478.7,38.68,14,517.38
FD10761,2026-01-25,11:16,Mumbai,South Indian,Lunch,452.98,52.88,59,505.86
FD10762,2026-03-08,11:49,Delhi,Fast Food,Breakfast,334.53,56.68,27,391.21
FD10763,2026-09-07,23:39,Mumbai,Indian,Dinner,511.71,48.78,50,560.49
FD10764,2026-04-28,16:10,Chennai,South Indian,Snacks,222.65,60.01,40,282.66
FD10765,2026-03-14,15:20,Pune,Chinese,Lunch,219.56,48.88,47,268.44
FD10766,2026-01-10,19:54,Bengaluru,Italian,Dinner,636.87,47.46,54,684.33
FD10767,2026-07-30,15:23,Chennai,Fast Food,Snacks,165.68,34.22,34,199.9
FD10768,2026-06-01,12:44,Kolkata,South Indian,Lunch,367.06,48.11,37,415.17
FD10769,2026-01-05,15:17,Delhi,Mexican,Snacks,312.63,36.85,38,349.48
FD10770,2026-07-14,19:47,Kolkata,Mexican,Dinner,384.63,47.63,49,432.26
FD10771,2026-04-23,10:36,Pune,South Indian,Breakfast,447.68,40.78,14,488.46
FD10772,2026-09-28,15:17,Kolkata,Fast Food,Lunch,562.68,53.6,42,616.28
FD10773,2026-06-12,18:08,Pune,Biryani,Dinner,632.65,41.62,32,674.27
FD10774,2026-04-15,16:48,Delhi,Biryani,Snacks,332.16,66.45,51,398.61
FD10775,2026-06-30,15:30,Chennai,Fast Food,Snacks,360.11,38.69,37,398.8
FD10776,2026-02-13,14:17,Mumbai,Italian,Lunch,1102.88,45.59,39,1148.47
FD10777,2026-06-24,09:19,Mumbai,North Indian,Breakfast,427.5,56.15,33,483.65
FD10778,2026-06-11,13:43,Chennai,Mexican,Lunch,327.67,54.93,38,382.6
FD10779,2026-05-20,15:12,Chennai,Chinese,Snacks,322.63,54.84,32,377.47
FD10780,2026-05-12,13:14,Hyderabad,Fast Food,Lunch,388.38,44.0,21,432.38
FD10781,2026-03-28,10:36,Hyderabad,Indian,Breakfast,366.09,46.07,15,412.16
FD10782,2026-06-25,20:25,Bengaluru,Biryani,Dinner,449.84,46.09,43,495.93
FD10783,2026-07-02,21:25,Mumbai,South Indian,Dinner,461.79,39.07,30,500.86
FD10784,2026-05-09,18:25,Delhi,North Indian,Dinner,435.74,54.29,37,490.03
FD10785,2026-09-03,19:45,Mumbai,North Indian,Dinner,321.68,36.91,41,358.59
FD10786,2026-03-30,14:48,Ahmedabad,Biryani,Lunch,495.4,29.09,29,524.49
FD10787,2026-03-07,19:31,Bengaluru,North Indian,Dinner,473.16,42.66,51,515.82
FD10788,2026-06-07,15:02,Delhi,North Indian,Lunch,514.49,38.16,32,552.65
FD10789,2026-05-29,19:32,Bengaluru,Indian,Dinner,197.83,51.55,45,249.38
FD10790,2026-04-26,19:18,Ahmedabad,South Indian,Dinner,433.53,47.37,36,480.9
FD10791,2026-08-02,18:43,Mumbai,Chinese,Dinner,167.16,53.66,45,220.82
FD10792,2026-09-10,18:11,Bengaluru,Fast Food,Dinner,428.66,28.49,59,457.15
FD10793,2026-05-23,15:55,Bengaluru,South Indian,Snacks,553.69,42.32,38,596.01
FD10794,2026-09-07,13:42,Hyderabad,North Indian,Lunch,581.87,41.37,41,623.24
FD10795,2026-01-25,11:54,Pune,Indian,Lunch,470.17,44.67,30,514.84
FD10796,2026-03-11,16:34,Kolkata,Indian,Snacks,516.31,36.84,37,553.15
FD10797,2026-04-23,10:35,Ahmedabad,Fast Food,Breakfast,365.15,48.27,28,413.42
FD10798,2026-04-22,22:53,Bengaluru,Indian,Dinner,378.62,37.84,49,416.46
FD10799,2026-04-01,23:45,Hyderabad,Indian,Dinner,828.91,47.15,30,876.06
FD10800,2026-01-18,14:15,Ahmedabad,Indian,Lunch,534.07,51.55,30,585.62
FD10801,2026-05-29,22:53,Chennai,Biryani,Dinner,284.05,35.58,54,319.63
FD10802,2026-08-15,23:00,Mumbai,Fast Food,Dinner,204.8,42.73,39,247.53
FD10803,2026-08-02,18:24,Bengaluru,Italian,Dinner,415.24,47.72,59,462.96
FD10804,2026-05-31,19:53,Hyderabad,Italian,Dinner,633.78,26.15,36,659.93
FD10805,2026-07-11,18:15,Delhi,Italian,Snacks,477.31,55.34,36,532.65
FD10806,2026-02-09,19:07,Chennai,Fast Food,Dinner,120.0,42.13,40,162.13
FD10807,2026-08-30,22:38,Ahmedabad,North Indian,Dinner,383.41,40.62,31,424.03
FD10808,2026-05-18,14:05,Ahmedabad,Chinese,Lunch,409.64,48.55,28,458.19
FD10809,2026-06-29,18:19,Bengaluru,Chinese,Snacks,120.0,47.81,30,167.81
FD10810,2026-07-19,18:13,Pune,Indian,Dinner,423.62,42.08,41,465.7
FD10811,2026-07-22,13:25,Ahmedabad,North Indian,Lunch,257.99,52.54,44,310.53
FD10812,2026-03-02,19:13,Kolkata,Fast Food,Dinner,139.67,33.93,40,173.6
FD10813,2026-07-11,18:25,Pune,Italian,Dinner,690.68,50.55,40,741.23
FD10814,2026-01-05,11:44,Ahmedabad,Indian,Lunch,251.36,29.06,47,280.42
FD10815,2026-08-25,18:02,Kolkata,Indian,Snacks,314.91,48.13,32,363.04
FD10816,2026-06-30,21:03,Bengaluru,Biryani,Dinner,382.91,38.07,39,420.98
FD10817,2026-02-06,15:25,Hyderabad,Italian,Snacks,455.34,26.27,24,481.61
FD10818,2026-02-25,09:01,Delhi,Fast Food,Breakfast,704.95,45.08,38,750.03
FD10819,2026-08-25,10:29,Pune,North Indian,Breakfast,240.57,41.59,21,282.16
FD10820,2026-07-16,11:11,Delhi,Mexican,Lunch,423.98,23.49,34,447.47
FD10821,2026-03-14,19:43,Kolkata,Chinese,Dinner,433.13,16.64,33,449.77
FD10822,2026-02-28,11:12,Pune,Indian,Lunch,289.68,40.17,48,329.85
FD10823,2026-08-28,23:23,Delhi,North Indian,Dinner,391.57,61.42,37,452.99
FD10824,2026-01-02,12:43,Delhi,Fast Food,Lunch,529.17,45.85,48,575.02
FD10825,2026-07-07,12:20,Bengaluru,North Indian,Lunch,341.64,33.98,39,375.62
FD10826,2026-01-30,21:47,Ahmedabad,South Indian,Dinner,359.2,54.98,28,414.18
FD10827,2026-09-24,21:39,Delhi,Indian,Dinner,375.3,52.89,40,428.19
FD10828,2026-04-18,08:41,Delhi,Biryani,Breakfast,454.43,57.26,26,511.69
FD10829,2026-03-31,11:22,Chennai,Fast Food,Lunch,466.47,50.21,37,516.68
FD10830,2026-07-24,11:22,Bengaluru,Italian,Breakfast,572.98,52.63,27,625.61
FD10831,2026-08-08,15:47,Mumbai,Biryani,Snacks,785.63,60.77,35,846.4
FD10832,2026-04-04,21:01,Bengaluru,North Indian,Dinner,120.0,36.27,37,156.27
FD10833,2026-04-13,10:19,Mumbai,North Indian,Breakfast,439.89,32.35,30,472.24
FD10834,2026-08-11,13:45,Mumbai,Fast Food,Lunch,260.33,45.75,47,306.08
FD10835,2026-07-05,13:54,Bengaluru,Fast Food,Lunch,397.19,55.26,28,452.45
FD10836,2026-07-03,21:39,Delhi,North Indian,Dinner,572.13,37.43,54,609.56
FD10837,2026-06-11,19:35,Ahmedabad,Indian,Dinner,589.67,40.25,12,629.92
FD10838,2026-09-04,09:33,Delhi,Italian,Breakfast,656.71,28.01,27,684.72
FD10839,2026-01-31,21:45,Bengaluru,Biryani,Dinner,670.29,35.39,49,705.68
FD10840,2026-02-21,15:35,Hyderabad,Chinese,Lunch,398.91,41.89,32,440.8
FD10841,2026-03-17,12:11,Pune,Mexican,Lunch,659.78,47.91,18,707.69
FD10842,2026-02-09,21:58,Hyderabad,Mexican,Dinner,694.53,36.5,40,731.03
FD10843,2026-04-11,23:29,Mumbai,Mexican,Dinner,515.82,45.66,47,561.48
FD10844,2026-04-21,22:50,Ahmedabad,North Indian,Dinner,586.59,52.11,28,638.7
FD10845,2026-09-06,18:06,Mumbai,Biryani,Snacks,501.19,55.9,30,557.09
FD10846,2026-07-10,13:05,Delhi,Chinese,Lunch,651.53,47.38,48,698.91
FD10847,2026-07-01,21:26,Pune,Indian,Dinner,395.75,60.34,41,456.09
FD10848,2026-07-28,15:42,Ahmedabad,Chinese,Lunch,318.57,35.94,22,354.51
FD10849,2026-01-22,15:47,Bengaluru,Biryani,Snacks,317.0,41.41,40,358.41
FD10850,2026-06-15,13:04,Hyderabad,North Indian,Lunch,398.96,48.61,29,447.57
FD10851,2026-04-09,20:14,Pune,Italian,Dinner,462.66,31.54,33,494.2
FD10852,2026-07-27,13:57,Chennai,Fast Food,Lunch,288.12,44.75,40,332.87
FD10853,2026-01-08,15:22,Mumbai,Fast Food,Lunch,427.48,52.27,44,479.75
FD10854,2026-07-09,22:36,Ahmedabad,Fast Food,Dinner,331.02,75.33,35,406.35
FD10855,2026-06-24,07:14,Mumbai,Biryani,Breakfast,333.45,53.2,25,386.65
FD10856,2026-09-30,17:28,Mumbai,Chinese,Snacks,620.38,65.88,35,686.26
FD10857,2026-01-17,11:25,Pune,Fast Food,Lunch,601.79,51.96,30,653.75
FD10858,2026-03-31,11:07,Bengaluru,South Indian,Breakfast,609.71,28.12,38,637.83
FD10859,2026-05-21,11:56,Bengaluru,Fast Food,Breakfast,442.38,23.41,14,465.79
FD10860,2026-05-25,13:37,Pune,Fast Food,Lunch,416.64,44.96,35,461.6
FD10861,2026-06-15,19:23,Chennai,Fast Food,Dinner,270.52,57.09,28,327.61
FD10862,2026-03-19,15:34,Bengaluru,North Indian,Lunch,517.19,45.45,50,562.64
FD10863,2026-09-19,23:54,Bengaluru,Chinese,Dinner,480.44,42.95,42,523.39
FD10864,2026-06-12,16:09,Delhi,South Indian,Snacks,866.59,38.59,25,905.18
FD10865,2026-01-14,14:37,Delhi,Biryani,Lunch,633.07,26.11,46,659.18
FD10866,2026-08-27,18:54,Bengaluru,Biryani,Snacks,532.29,30.47,16,562.76
FD10867,2026-03-13,16:33,Mumbai,Indian,Snacks,458.76,32.53,40,491.29
FD10868,2026-05-23,18:09,Mumbai,Chinese,Dinner,615.2,38.76,56,653.96
FD10869,2026-09-26,12:16,Kolkata,Indian,Lunch,277.64,35.69,38,313.33
FD10870,2026-08-29,11:02,Ahmedabad,Fast Food,Lunch,580.95,51.31,31,632.26
FD10871,2026-09-02,23:30,Delhi,Fast Food,Dinner,276.93,36.66,31,313.59
FD10872,2026-06-12,20:00,Mumbai,Chinese,Dinner,380.77,55.07,55,435.84
FD10873,2026-03-01,21:38,Hyderabad,South Indian,Dinner,149.27,43.62,49,192.89
FD10874,2026-01-06,14:41,Delhi,Fast Food,Lunch,532.11,47.99,34,580.1
FD10875,2026-07-16,22:33,Pune,Fast Food,Dinner,457.49,29.58,34,487.07
FD10876,2026-02-27,16:20,Mumbai,South Indian,Snacks,380.78,64.71,48,445.49
FD10877,2026-08-05,16:56,Chennai,North Indian,Snacks,290.63,25.11,38,315.74
FD10878,2026-01-26,14:17,Hyderabad,South Indian,Lunch,631.81,36.63,22,668.44
FD10879,2026-01-05,15:18,Pune,Italian,Snacks,429.96,41.75,30,471.71
FD10880,2026-01-20,12:11,Mumbai,South Indian,Lunch,349.91,61.12,41,411.03
FD10881,2026-07-17,11:09,Mumbai,North Indian,Lunch,753.29,68.55,45,821.84
FD10882,2026-02-28,19:05,Hyderabad,Fast Food,Dinner,326.44,51.22,41,377.66
FD10883,2026-08-30,15:50,Pune,North Indian,Lunch,590.79,58.99,32,649.78
FD10884,2026-05-26,09:56,Pune,Fast Food,Breakfast,247.35,32.05,26,279.4
FD10885,2026-09-30,10:08,Chennai,Chinese,Breakfast,376.76,56.28,21,433.04
FD10886,2026-09-06,19:07,Mumbai,South Indian,Dinner,540.34,64.22,75,604.56
FD10887,2026-01-14,16:10,Hyderabad,Indian,Snacks,416.32,15.0,34,431.32
FD10888,2026-01-13,14:52,Mumbai,Chinese,Lunch,501.56,49.35,42,550.91
FD10889,2026-02-13,21:09,Pune,Fast Food,Dinner,339.17,49.22,57,388.39
FD10890,2026-01-19,22:19,Mumbai,Biryani,Dinner,255.33,45.82,33,301.15
FD10891,2026-03-04,14:28,Chennai,Indian,Lunch,649.84,28.97,37,678.81
FD10892,2026-08-27,19:11,Kolkata,Mexican,Dinner,373.33,67.37,31,440.7
FD10893,2026-04-10,22:13,Kolkata,Fast Food,Dinner,458.35,43.33,45,501.68
FD10894,2026-06-12,23:49,Delhi,Chinese,Dinner,545.29,43.66,38,588.95
FD10895,2026-05-02,15:21,Hyderabad,South Indian,Lunch,471.31,26.29,43,497.6
FD10896,2026-02-13,22:43,Mumbai,Fast Food,Dinner,358.71,44.65,50,403.36
FD10897,2026-05-25,16:29,Mumbai,North Indian,Snacks,638.96,41.23,45,680.19
FD10898,2026-02-19,14:23,Ahmedabad,Chinese,Lunch,487.05,54.95,40,542.0
FD10899,2026-03-06,11:00,Pune,Italian,Lunch,479.82,48.06,35,527.88
FD10900,2026-06-13,08:37,Pune,Fast Food,Breakfast,446.34,35.15,12,481.49
FD10901,2026-05-21,15:43,Mumbai,South Indian,Lunch,717.34,58.73,52,776.07
FD10902,2026-05-08,23:43,Pune,Indian,Dinner,310.49,38.96,53,349.45
FD10903,2026-08-27,08:54,Mumbai,Fast Food,Breakfast,527.29,54.81,21,582.1
FD10904,2026-07-06,12:05,Bengaluru,Indian,Lunch,375.71,44.76,48,420.47
FD10905,2026-07-27,15:50,Delhi,Fast Food,Snacks,149.55,47.04,24,196.59
FD10906,2026-08-08,08:37,Ahmedabad,Chinese,Breakfast,120.0,45.6,25,165.6
FD10907,2026-07-09,20:09,Kolkata,Biryani,Dinner,292.8,47.05,43,339.85
FD10908,2026-08-25,15:55,Delhi,Mexican,Lunch,371.23,57.07,36,428.3
FD10909,2026-07-13,15:56,Mumbai,Italian,Lunch,820.94,59.69,43,880.63
FD10910,2026-09-16,11:58,Delhi,Chinese,Lunch,544.76,37.96,47,582.72
FD10911,2026-09-03,12:55,Hyderabad,Italian,Lunch,573.25,40.82,37,614.07
FD10912,2026-05-16,10:56,Mumbai,Fast Food,Breakfast,369.44,66.76,24,436.2
FD10913,2026-09-28,21:31,Hyderabad,Biryani,Dinner,464.2,43.35,30,507.55
FD10914,2026-06-20,21:47,Delhi,Mexican,Dinner,815.92,37.51,39,853.43
FD10915,2026-06-08,12:26,Bengaluru,South Indian,Lunch,272.84,34.43,31,307.27
FD10916,2026-07-20,19:45,Delhi,Fast Food,Dinner,508.44,45.28,39,553.72
FD10917,2026-02-14,18:51,Mumbai,Biryani,Dinner,736.69,41.74,41,778.43
FD10918,2026-09-21,19:31,Ahmedabad,North Indian,Dinner,554.89,57.42,46,612.31
FD10919,2026-03-12,12:25,Chennai,Mexican,Lunch,730.23,29.55,39,759.78
FD10920,2026-04-13,11:10,Mumbai,Mexican,Lunch,526.93,69.74,66,596.67
FD10921,2026-05-05,12:56,Kolkata,North Indian,Lunch,505.52,38.58,18,544.1
FD10922,2026-08-18,21:39,Bengaluru,Indian,Dinner,471.47,29.08,47,500.55
FD10923,2026-05-26,23:22,Ahmedabad,North Indian,Dinner,490.0,44.27,35,534.27
FD10924,2026-07-16,15:30,Chennai,Italian,Lunch,322.72,30.56,30,353.28
FD10925,2026-08-09,11:20,Delhi,Fast Food,Lunch,558.85,42.41,39,601.26
FD10926,2026-03-01,19:17,Pune,Indian,Dinner,464.14,35.07,39,499.21
FD10927,2026-04-08,18:36,Mumbai,North Indian,Dinner,474.4,63.34,55,537.74
FD10928,2026-06-20,19:19,Bengaluru,South Indian,Dinner,716.96,43.64,45,760.6
FD10929,2026-06-22,20:50,Hyderabad,North Indian,Dinner,385.19,27.74,34,412.93
FD10930,2026-05-31,12:53,Mumbai,Indian,Lunch,646.17,44.84,46,691.01
FD10931,2026-05-02,16:45,Pune,South Indian,Snacks,616.09,50.46,30,666.55
FD10932,2026-04-18,23:23,Kolkata,South Indian,Dinner,543.33,57.45,29,600.78
FD10933,2026-01-04,11:29,Ahmedabad,South Indian,Breakfast,265.24,41.46,21,306.7
FD10934,2026-04-03,18:52,Bengaluru,North Indian,Snacks,508.86,29.47,38,538.33
FD10935,2026-01-06,19:22,Mumbai,North Indian,Dinner,758.77,64.65,46,823.42
FD10936,2026-04-16,14:48,Mumbai,Fast Food,Lunch,192.22,60.41,46,252.63
FD10937,2026-05-26,20:01,Pune,Italian,Dinner,421.85,57.68,35,479.53
FD10938,2026-09-28,16:25,Ahmedabad,Fast Food,Snacks,584.35,45.48,34,629.83
FD10939,2026-04-06,21:32,Pune,South Indian,Dinner,402.7,35.75,41,438.45
FD10940,2026-08-17,11:39,Bengaluru,Indian,Breakfast,576.48,48.2,30,624.68
FD10941,2026-07-21,11:03,Mumbai,Indian,Lunch,676.38,55.92,43,732.3
FD10942,2026-07-31,16:18,Bengaluru,Italian,Snacks,519.8,35.1,56,554.9
FD10943,2026-01-06,12:36,Hyderabad,Fast Food,Lunch,501.35,44.38,48,545.73
FD10944,2026-04-22,23:18,Kolkata,Fast Food,Dinner,428.78,39.66,42,468.44
FD10945,2026-04-16,19:22,Mumbai,Fast Food,Dinner,509.67,60.92,38,570.59
FD10946,2026-05-19,09:53,Pune,South Indian,Breakfast,735.39,47.9,21,783.29
FD10947,2026-04-06,18:00,Pune,South Indian,Snacks,410.41,29.38,47,439.79
FD10948,2026-08-02,18:23,Ahmedabad,Chinese,Snacks,357.03,28.17,26,385.2
FD10949,2026-01-22,12:52,Kolkata,Italian,Lunch,601.26,40.92,35,642.18
FD10950,2026-07-12,18:07,Hyderabad,Mexican,Dinner,328.56,42.39,39,370.95
FD10951,2026-05-30,19:56,Hyderabad,Indian,Dinner,332.79,51.13,44,383.92
FD10952,2026-09-04,22:25,Hyderabad,Chinese,Dinner,333.75,48.16,37,381.91
FD10953,2026-09-24,23:53,Mumbai,North Indian,Dinner,426.62,69.5,47,496.12
FD10954,2026-09-08,15:18,Ahmedabad,Fast Food,Snacks,378.17,36.39,27,414.56
FD10955,2026-01-03,22:02,Delhi,Biryani,Dinner,574.86,35.71,54,610.57
FD10956,2026-03-17,19:39,Delhi,Biryani,Dinner,418.65,30.48,36,449.13
FD10957,2026-03-28,20:57,Bengaluru,North Indian,Dinner,565.92,50.99,53,616.91
FD10958,2026-09-27,19:11,Pune,Mexican,Dinner,579.63,42.26,35,621.89
FD10959,2026-08-13,12:10,Mumbai,North Indian,Lunch,366.97,29.76,35,396.73
FD10960,2026-01-18,21:27,Chennai,Fast Food,Dinner,556.41,44.43,35,600.84
FD10961,2026-04-23,12:12,Pune,Indian,Lunch,560.01,45.19,22,605.2
FD10962,2026-09-08,15:21,Hyderabad,Mexican,Lunch,190.86,40.27,42,231.13
FD10963,2026-08-21,14:01,Mumbai,Fast Food,Lunch,509.02,55.56,32,564.58
FD10964,2026-07-21,22:06,Delhi,Mexican,Dinner,394.04,27.36,39,421.4
FD10965,2026-03-24,19:25,Mumbai,South Indian,Dinner,660.46,71.69,52,732.15
FD10966,2026-05-05,21:15,Delhi,North Indian,Dinner,362.51,46.56,49,409.07
FD10967,2026-06-24,23:59,Chennai,Chinese,Dinner,229.08,20.72,28,249.8
FD10968,2026-03-10,15:31,Mumbai,Mexican,Snacks,490.53,51.93,40,542.46
FD10969,2026-02-16,22:12,Bengaluru,Italian,Dinner,350.45,46.88,55,397.33
FD10970,2026-09-13,15:10,Bengaluru,Indian,Snacks,582.44,28.64,31,611.08
FD10971,2026-08-03,12:51,Hyderabad,Indian,Lunch,303.71,48.4,42,352.11
FD10972,2026-01-30,15:40,Ahmedabad,Fast Food,Lunch,407.37,62.17,25,469.54
FD10973,2026-08-25,22:45,Chennai,Italian,Dinner,691.87,34.27,45,726.14
FD10974,2026-09-05,19:14,Mumbai,South Indian,Dinner,629.78,57.14,47,686.92
FD10975,2026-01-25,12:55,Pune,Italian,Lunch,521.68,44.5,43,566.18
FD10976,2026-03-15,10:31,Mumbai,Biryani,Breakfast,475.86,63.62,35,539.48
FD10977,2026-07-25,20:14,Hyderabad,Chinese,Dinner,482.43,40.69,28,523.12
FD10978,2026-04-04,10:20,Pune,Mexican,Breakfast,553.35,29.2,25,582.55
FD10979,2026-05-07,23:00,Bengaluru,Fast Food,Dinner,307.01,52.85,57,359.86
FD10980,2026-01-25,21:10,Hyderabad,Fast Food,Dinner,552.7,29.91,21,582.61
FD10981,2026-04-26,14:25,Delhi,Chinese,Lunch,274.75,63.71,48,338.46
FD10982,2026-02-17,15:36,Chennai,Fast Food,Lunch,515.87,48.73,53,564.6
FD10983,2026-08-14,22:20,Pune,South Indian,Dinner,253.97,34.81,27,288.78
FD10984,2026-09-23,22:44,Pune,South Indian,Dinner,714.42,55.3,34,769.72
FD10985,2026-04-09,15:26,Chennai,Indian,Snacks,544.5,41.89,38,586.39
FD10986,2026-01-11,22:22,Bengaluru,Indian,Dinner,221.6,39.34,36,260.94
FD10987,2026-03-26,09:15,Hyderabad,Fast Food,Breakfast,424.86,33.83,37,458.69
FD10988,2026-08-02,16:03,Delhi,South Indian,Snacks,361.79,19.46,44,381.25
FD10989,2026-06-22,22:41,Mumbai,Mexican,Dinner,399.04,59.25,33,458.29
FD10990,2026-07-28,18:43,Kolkata,Fast Food,Dinner,437.07,22.46,33,459.53
FD10991,2026-03-05,14:25,Chennai,Fast Food,Lunch,290.8,32.48,45,323.28
FD10992,2026-09-15,22:47,Hyderabad,Chinese,Dinner,539.22,47.19,47,586.41
FD10993,2026-05-01,15:27,Mumbai,North Indian,Snacks,570.7,45.99,58,616.69
FD10994,2026-02-23,11:11,Hyderabad,Indian,Lunch,477.71,43.89,30,521.6
FD10995,2026-09-29,15:53,Delhi,Fast Food,Lunch,437.07,27.44,53,464.51
FD10996,2026-08-29,21:53,Pune,North Indian,Dinner,518.97,37.82,32,556.79
FD10997,2026-08-31,14:55,Ahmedabad,Biryani,Lunch,558.71,43.96,40,602.67
FD10998,2026-01-18,13:04,Pune,Indian,Lunch,488.24,30.58,45,518.82
FD10999,2026-07-06,12:45,Ahmedabad,Indian,Lunch,213.22,62.24,12,275.46
FD11000,2026-05-24,19:12,Delhi,Italian,Dinner,351.74,34.35,51,386.09
